<?xml version="1.1" encoding="UTF-8" standalone="yes"?>
<addon id="plugin.video.BlackPearl"
       name="[COLOR black]Black[/COLOR][COLOR white]Pearl[/COLOR]"
       version="1.3"
       provider-name="MikeAngel">
  <requires>
    <import addon="xbmc.python" version="2.1.0"/>
	<import addon="script.module.requests" />
  </requires>
  <extension point="xbmc.python.pluginsource"
            library="default.py">
        <provides>video</provides>
  </extension>
  <extension point="xbmc.addon.metadata">
    <summary lang="en">BlackPearl</summary>
    <language>en</language>
    <description lang="en">BlackPearl Addon - AceBox</description>
	<language>pt</language>
    <description lang="en">Addon BlackPearl - AceBox</description>
     <platform>all</platform>
  </extension>
</addon>