<?xml version="1.0" encoding="UTF-8" standalone="yes"?>
<addon id="script.mtvbbts2"
  name="CerebroTV BT Sports 2"
  version="1.2" 
  provider-name="UNKNOWN">
  <requires>
    <import addon="xbmc.python" version="2.1.0"/>
  </requires>
  <extension point="xbmc.python.script" library="addon.py">
    <provides>video</provides>
  </extension>
  <extension point="xbmc.addon.metadata">
    <platform>all</platform>
    <summary lang="en">CerebroTV Menu System</summary>
    <description lang="en">CerebroTV Menu System</description>
	<disclaimer>CerebroTV Menu System</disclaimer>
  </extension>
</addon>
