﻿<?xml version="1.0" encoding="UTF-8" standalone="yes"?>
<addon id="repository.Rockcrusher" name="Rockcrusher Repository" version="1.6" provider-name="Rockcrusher">
	<extension point="xbmc.addon.repository" name="Rockcrusher Repository">
        <info compressed="false">http://Rockodi.com/addons.xml</info>
        <checksum>http://Rockodi.com/addons.xml.md5</checksum>
        <datadir zip="true">http://Rockodi.com/</datadir>
    </extension>
    <extension point="xbmc.addon.metadata">
        <summary>Install Rockcrusher Addons</summary>
        <description>Rockcrusher Repository</description>
        <disclaimer lang="en">Author does not host or distribute any of the content displayed by this addon. Author does not have any affiliation with the content provider.
        </disclaimer>
        <platform>all</platform>
    </extension>
</addon>
