<?xml version="1.0" encoding="UTF-8" standalone="yes"?>
<addon id="plugin.video.wargames" name=" [COLOR black].[/COLOR][COLOR ghostwhite][B]Cerebro Media[/B][/COLOR]" version="100.1.11" provider-name="Biglad">
	<requires>
		<import addon="xbmc.python" version="2.1.0" />
        <import addon="script.module.pyxbmct" version="1.1.4" />
		<import addon="script.module.urlresolver" version="3.0.0"/>
		<import addon="script.module.liveresolver" version="0.1.24"/>
		<import addon="script.video.F4mProxy" version="2.2.3"/>
		<import addon="script.wargames.artwork" version="1.0.0"/>
		<import addon="script.wargames.metadata" version="1.0.0"/>
		<import addon="script.module.metahandler" version="1.0.0" />
		<import addon="script.module.wargames"/>
        <import addon="script.module.streamhub"/>
        <import addon="script.module.requests" />
        <import addon="script.cerebro.pairwith" />
        <import addon="script.cerebro.tvguide.open" />
        <import addon="script.cerebro.tvguide.open2" />
        <import addon="script.cerebro.tvguide.open3" />
        <import addon="script.cerebro.tvguide.open.free" />
        <import addon="script.cerebro.pairwith.laucnher" />
        <import addon="script.tvguide.cerebrotv.uk.2017" />
        <import addon="script.mtvbxxx" />
        <import addon="script.cerebro.backend" />
        <import addon="script.module.muckys.common" />
        <import addon="script.cerebro.buy" />
        <import addon="script.cerebro.buyprem" />
        <import addon="script.module.mutagen" />
        <import addon="plugin.video.SportsDevil" />
        <import addon="plugin.video.f4mTester" />
        <import addon="script.mtvppv" />
        <import addon="plugin.video.dnatv4k" />
        <import addon="repository.streamhub" />
        <import addon="repository.Cypherslocker" />
        <import addon="repository.sanctuary" />
        <import addon="repository.supremacy" />
        <import addon="repository.smash" />
        <import addon="repository.elysium" />
        <!--<import addon="repository.noobsandnerds" />-->
        
		
		
        
	</requires>
	<extension point="xbmc.python.pluginsource" library="default.py">
		<provides>video</provides>
	</extension>
	<extension point="xbmc.addon.metadata">
		<summary lang="en">CerebroTV Media Addon</summary>
		<description lang="en">Free IPTV, Movies, TV Shows, Kids, Sports and much more.</description>
		<disclaimer lang="en">The author does not host or distribute any content. Credits to Phoenix and Exodus for SOME of the base code. Cloned from the Wargames version.</disclaimer>
		<platform>all</platform>
		<forum>https://www.facebook.com/groups/cerebrotvguide/</forum>
		<assets>
			<icon>icon.png</icon>
			<fanart>fanart.jpg</fanart>
		</assets>
		<news>NOTHING TO REPORT</news>
	</extension>
</addon>