<?xml version="1.0" encoding="UTF-8" standalone="yes"?>
<addon id="script.module.wargames" 
       name="[B][COLOR ghostwhite]Wargames Streamer[/COLOR][/B]" 
	   version="1.0.4" 
	   provider-name="[B][COLOR ghostwhite]Wargames Streamer[/COLOR][/B]">
  <requires>
    <import addon="xbmc.python" version="2.1.0"/>
	<import addon="script.module.addon.common" />
	<import addon="script.module.requests" />
	<import addon="script.module.urlresolver" />
  </requires>
  <extension point="xbmc.python.pluginsource" library="default.py">
        <provides>all</provides>
  </extension>
  <extension point="xbmc.addon.metadata">
    <summary lang="en">Dependency Addon for WarGames</summary>
    <description lang="en">Dependency Addon for WarGames</description>
	<disclaimer lang="en">Dependency Addon for WarGames</disclaimer>
    <platform>all</platform>
  </extension>
</addon>
