﻿<?xml version="1.0" encoding="UTF-8" standalone="yes"?>
<addon id="plugin.video.kratosfucksducky" name="Cerebro VOD" version="2017.10.27" provider-name="Biglad">
	<requires>
		<import addon="xbmc.python" version="2.1.0" />
		<import addon="script.module.pyxbmct" version="1.1.4" />
		<import addon="script.module.urlresolver" version="3.0.0"/>
		<import addon="script.kratosfucksducky.artwork" version="1.0.0"/>
		<import addon="script.kratosfucksducky.metadata" version="1.0.0"/>
		<import addon="script.module.metahandler" version="1.0.0" />
	</requires>
	<extension point="xbmc.python.pluginsource" library="default.py">
		<provides>video</provides>
	</extension>
	<extension point="xbmc.addon.metadata">
		<summary lang="en"></summary>
		<description lang="en"></description>
		<disclaimer lang="en">The author does not host or distribute any content. Appreciation to SClarke for collaborating, troubleshooting, and learning with me.</disclaimer>
		<platform>all</platform>
		<forum></forum>
		<assets>
			<icon>icon.png</icon>
			<fanart>fanart.jpg</fanart>

		</assets>
		<news></news>
	</extension>
</addon>