<?xml version="1.0" encoding="UTF-8" standalone="yes"?>
<addon
  id="plugin.video.Showbox"
  version="1.5"
  name="CerebroTV Vidics Player"
  provider-name="Biglad">
  <requires>
        <import addon="xbmc.python" version="2.1.0" optional="true" />
		<import addon="script.module.simplejson" />
		<import addon="script.module.beautifulsoup" version="3.0.8"/>
        <import addon="script.module.urlresolver" version="1.0.0"/>
		<import addon="script.module.t0mm0.common" version="1.1.0"/>
        <import addon="script.cerebro.pairwith" />
        <import addon="script.cerebro.pairwith.laucnher" />
        <import addon="script.cerebro.pairwith.laucnher" />
        <import addon="plugin.video.1channel" />
  </requires>
  <extension point="xbmc.python.pluginsource"
            library="default.py">
        <provides>video</provides>
  </extension>
  <extension point="xbmc.addon.metadata">
    <summary>CerebroTV Vidics Player</summary>
    <description>Watch Movies and TVShows from Vidics</description>
    <platform>all</platform>
  </extension>
</addon>