<?xml version="1.0" encoding="UTF-8"?>
<addon id="repository.maverickrepo" name="[COLOR lime]MaverickTV Repo[/COLOR]" version="1.7" provider-name="Maverick TV">
<extension point="xbmc.addon.repository" name="[COLOR lime]MaverickTV Repo[/COLOR]">
	<dir>
        <info compressed="false">https://raw.githubusercontent.com/Colossal1/repository.colossus.common/master/addons.xml</info>
        <checksum>https://raw.githubusercontent.com/Colossal1/repository.colossus.common/master/addons.xml.md5</checksum>
        <datadir zip="true">https://raw.githubusercontent.com/Colossal1/repository.colossus.common/master/</datadir>
    </dir>
		<info compressed="false">http://mavericktv.net/mavrepo/plugins/addons.xml</info>
		<checksum>http://mavericktv.net/mavrepo/plugins/addons.xml.md5</checksum>
		<datadir zip="true">http://mavericktv.net/mavrepo/plugins/</datadir>
	</extension>
	<extension point="xbmc.addon.metadata">
		<summary>The MaverickTV Repository v1.7</summary>
		<description>The MaverickTV Repository for add-on and dependencies</description>
		<platform>all</platform>
	</extension>
</addon>