<?xml version="1.0" encoding="UTF-8" standalone="yes"?>
<addon id="script.cachesystem"
  name="Cache System"
  version="1.3" 
  provider-name="Biglad">
  <requires>
    <import addon="xbmc.python" version="2.19.0"/>
    <import addon="script.module.requests" />
  </requires>
  <extension point="xbmc.python.script" library="addon.py">
    <provides>executable</provides>
  </extension>
  <extension point="xbmc.addon.metadata">
  <language></language>
    <platform>all</platform>
    <summary lang="en">Cache System</summary>
    <description lang="en">Cache System</description>
	<disclaimer>Cache System</disclaimer>
  </extension>
</addon>
