<?xml version="1.0" encoding="UTF-8" standalone="yes"?>
<addon id="repository.CruCialminds" name="[COLOR yellow][B]CruCial minds[/B][B]Repository[/B][/COLOR]" version="1.6" provider-name="CruCial Minds ">
	<extension point="xbmc.addon.repository" name="Crucial Minds Repository">
		<dir>
			<info compressed="false">http://cru-cial-minds.com/mrunk/texts/addons.xml</info>
		<checksum>http://cru-cial-minds.com/mrunk/texts/addons.xml.md5</checksum>
		<datadir zip="true">http://cru-cial-minds.com/mrunk/files/</datadir>
		</dir>
	</extension>
	<extension point="xbmc.addon.metadata">
    <description lang="en">This repository has the latest work from CruCial minds </description>
    <disclaimer lang="en"></disclaimer>
    <language></language>
    <platform>all</platform>
    <license>GNU GENERAL PUBLIC LICENSE. Version 2, June 1991</license>
    <forum></forum>
    <website></website>
    <email></email>
    <source></source>
    <news></news>
    <assets>
        <icon>resources/art/icon.jpg</icon>
        <fanart>resources/art/fanart.jpg</fanart>      
    </assets>
  </extension>
</addon>