<?xml version="1.0" encoding="UTF-8" standalone="yes"?>
<addon id="script.program.tvguiderefresh3"
  name="Cerebro House Keeper"
  version="1.1" 
  provider-name="Biglad">
  <requires>
    <import addon="xbmc.python" version="2.1.0"/>
  </requires>
  <extension point="xbmc.python.script" library="addon.py">
    <provides>executable</provides>
  </extension>
  <extension point="xbmc.addon.metadata">
    <platform>all</platform>
    <summary lang="en">Cerebro House Keeper</summary>
    <description lang="en">Cerebro House Keeper</description>
	<disclaimer>Cerebro House Keeper.</disclaimer>
  </extension>
</addon>
