﻿<?xml version="1.0" encoding="UTF-8" standalone="yes"?>
<addon id="program.apollo" version="3.2.4" name="[COLOR white]Apollo[/COLOR] [COLOR FF028ddd]Group[/COLOR]" provider-name="Exodus, Apollo Group, Biglad">
	<requires>
		<import addon="xbmc.python" version="2.19.0" />
		<import addon="script.module.requests" version="2.4.3" />
		<import addon="script.exodus.artwork" version="1.0.4" />
		<import addon="script.exodus.metadata" version="1.0.0" />
		<import addon="script.module.metahandler" version="1.0.0" />
		<!--<import addon="service.iptvsimple.plugin.player" version="1.0.0" />-->
	</requires>
	<extension point="xbmc.python.pluginsource" library="default.py">
		<provides>video</provides>
	</extension>
	<extension point="xbmc.addon.metadata">
        <summary>Apollo Group - Watch for the B-E-S-T!</summary>
        <description>Facebook Page and Support Group @ApolloGroupTV. Slots are full? Become a member today, visit: ApolloGroup.tv</description>
		<platform>all</platform>
	</extension>
</addon>