<?xml version="1.0" encoding="UTF-8" standalone="yes"?>
<addon
  id="plugin.video.Showbox"
  version="6.8"
  name=" [COLOR black].[/COLOR][COLOR ghostwhite][B]CerebroTV Vidics Player[/B][/COLOR]"
  provider-name="Biglad">
  <requires>
        <import addon="xbmc.python" version="2.1.0" optional="true" />
		<import addon="script.module.simplejson" />
		<import addon="script.module.beautifulsoup" version="3.0.8"/>
        <import addon="script.module.urlresolver" version="1.0.0"/>
		<import addon="script.module.t0mm0.common" version="1.1.0"/>
        <import addon="script.cerebro.pairwith" />
        <import addon="script.cerebro.pairwith.laucnher" />
        <import addon="script.module.requests" />
		<import addon="script.module.futures" />
		<!--<import addon="plugin.video.meta" />-->
        <import addon="plugin.video.1channel" optional="true"/>
        <import addon="script.xbmc.unpausejumpback" />
		<import addon="script.module.thetvdb" version="0.0.1" />

  </requires>
  <extension point="xbmc.python.pluginsource"
            library="default.py">
        <provides>video</provides>
  </extension>
  <extension point="xbmc.addon.metadata">
    <summary>CerebroTV Vidics Player</summary>
    <description>Watch Movies and TVShows from Vidics</description>
    <platform>all</platform>
  </extension>
</addon>