<?xml version="1.0" encoding="UTF-8" standalone="yes"?>
<addon id="plugin.video.wargames" name=" [COLOR black].[/COLOR][COLOR ghostwhite][B]Cerebro Media[/B][/COLOR]" version="100.1.27" provider-name="Biglad, Phoenix">
	<requires>
		<import addon="xbmc.python" version="2.1.0" />
        <import addon="script.module.pyxbmct" version="1.1.4" />
		<import addon="script.module.wargames"/>
        <import addon="script.wargames.artwork" version="1.0.0"/>
		<import addon="script.wargames.metadata" version="1.0.0"/>
		<import addon="script.module.metahandler" version="1.0.0" />
        <import addon="script.module.urlresolver" version="3.0.0"/>
		<import addon="script.module.liveresolver" version="0.1.24"/>
		<import addon="script.video.F4mProxy" version="2.2.3"/>
        <import addon="plugin.video.f4mTester" />
        <import addon="script.module.streamhub"/>
        <import addon="script.module.requests" />
        <import addon="script.cerebro.pairwith" />
        <import addon="script.exodus.artwork" version="1.0.4" />
		<import addon="script.exodus.metadata" version="1.0.0" />
        <import addon="plugin.video.itv" />
        <import addon="plugin.video.bbciplayer" />
        <import addon="plugin.video.tvplayer" />
        <import addon="plugin.audio.tuneinradio" />
        <import addon="plugin.audio.mp3streams" />
        <import addon="script.cerebro.tvguide.open" />
        <import addon="script.cerebro.tvguide.open2" />
        <import addon="script.cerebro.tvguide.open3" />
        <import addon="script.cerebro.tvguide.open.free" />
        <import addon="script.cerebro.pairwith.laucnher" />
        <import addon="script.tvguide.cerebrotv.uk.2017" />
        <import addon="plugin.video.ProjectCypher" />
        <import addon="script.mtvbxxx" />
        <import addon="script.covloader" />
        <import addon="script.xbmc.unpausejumpback" />
        <import addon="program.apollo" />
        <import addon="script.cerebro.backend" />
        <import addon="script.module.muckys.common" />
        <import addon="script.cerebro.buy" />
        <import addon="script.cerebro.buyprem" />
        <import addon="script.module.mutagen" />
        <import addon="plugin.video.SportsDevil" /> 
        <import addon="script.mtvppv" />
        <import addon="plugin.video.tvmix" />
        <import addon="script.tvguide.cerebrotv.uk" />
        <import addon="script.tvguide.cerebrotv.kids" />
        <import addon="script.tvguide.cerebrotv.sports" />
        <import addon="plugin.video.dnatv4k" />
        <import addon="repository.streamhub" />
        <import addon="repository.Cypherslocker" optional="true"/>
        <import addon="repository.sanctuary" optional="true"/>
        <import addon="repository.supremacy" optional="true"/>
        <import addon="repository.smash" optional="true"/>
        <import addon="repository.elysium" optional="true"/>
        <import addon="repository.noobsandnerds" optional="true"/>
        <import addon="repository.colossus" optional="true" />
        
        
		
		
        
	</requires>
	<extension point="xbmc.python.pluginsource" library="default.py">
		<provides>video executable audio</provides>
	</extension>
	<extension point="xbmc.addon.metadata">
		<summary lang="en">CerebroTV Media Addon</summary>
		<description lang="en">Free IPTV, Movies, TV Shows, Kids, Sports and much more.</description>
		<disclaimer lang="en">The author does not host or distribute any content. Credits to Phoenix and Exodus for SOME of the base code. Cloned from the Wargames version.  Thanks for Phoenix for the back end code, Sam , Tony, Colin and a few others, team work make it possible.</disclaimer>
		<platform>all</platform>
		<forum>https://www.facebook.com/groups/cerebrotvguide/</forum>
		<assets>
			<icon>icon.png</icon>
			<fanart>fanart.jpg</fanart>
		</assets>
		<news>NOTHING TO REPORT</news>
	</extension>
</addon>