<?xml version="1.0" encoding="UTF-8"?>
<overrides>
	<alwaysRestore>True</alwaysRestore>
	<thumbnailBrowseDefault>special://skin/extras/icons/</thumbnailBrowseDefault>
	<!-- Backgrounds -->
	<backgroundBrowse>True</backgroundBrowse>
	<background label="31062" condition="System.HasAddon(script.grab.fanart)">Movie.Fanart</background>
	<background label="31063" condition="System.HasAddon(script.grab.fanart)">TV.Fanart</background>
	<background label="31064" condition="System.HasAddon(script.grab.fanart)">Video.Fanart</background>
	<background label="31065" condition="System.HasAddon(script.grab.fanart)">Music.Fanart</background>
	<background label="31066" condition="System.HasAddon(script.grab.fanart)">Global.Fanart</background>
	<background label="31084" condition="!IsEmpty(Skin.String(weatherfanart.path))">Weather.Fanart</background>
	<background label="Live Background: Recent movies" condition="IsEmpty(Window(Home).Property(No.Cases))">s:live|i:recent movies</background>
	<background label="Live Background: Recent episodes" condition="IsEmpty(Window(Home).Property(No.Cases))">s:live|i:recent episodes</background>
	<background label="Live Background: ::PLAYLIST::" condition="IsEmpty(Window(Home).Property(No.Cases))">s:live|i:playlist</background>
	<background label="Live Background: Random songs" condition="IsEmpty(Window(Home).Property(No.Cases)) + System.HasAddon(service.library.data.provider)">s:live|i:songs</background>
	<background label="Live Background: Random albums" condition="IsEmpty(Window(Home).Property(No.Cases)) + System.HasAddon(service.library.data.provider)">s:live|i:albums</background>
	<background label="::PLAYLIST::" condition="IsEmpty(Window(Home).Property(No.Cases))">s:playlist|i:playlist</background>
	<!-- Widgets -->
	<widget-groupings>
		<node label="342">
			<shortcut label="31031" condition="System.HasAddon(service.library.data.provider)" icon="logos/ldp-logo.png" widget="library" widgetType="movies" widgetTarget="video">plugin://service.library.data.provider?type=randommovies&amp;reload=$INFO[Window.Property(randommovies)]</shortcut>
			<shortcut label="20386" condition="System.HasAddon(service.library.data.provider)" icon="logos/ldp-logo.png" widget="library" widgetType="movies" widgetTarget="video">plugin://service.library.data.provider?type=recentmovies&amp;reload=$INFO[Window.Property(recentmovies)]</shortcut>
			<shortcut label="31032" condition="System.HasAddon(service.library.data.provider)" icon="logos/ldp-logo.png" widget="library" widgetType="movies" widgetTarget="video">plugin://service.library.data.provider?type=recommendedmovies&amp;reload=$INFO[Window.Property(recommendedmovies)]</shortcut>
			<shortcut label="20434" icon="xbmc-logo.png" condition="Library.HasContent(MovieSets)" widget="library" widgetType="sets" widgetTarget="video">library://video/movies/sets.xml/</shortcut>
			<shortcut label="Similar Movies" condition="System.HasAddon(script.skin.helper.service)" icon="logos/shs-logo.png" widget="library" widgetType="movies" widgetTarget="video">plugin://script.skin.helper.service/?action=similarmovies&amp;limit=25&amp;reload=$INFO[Window(Home).Property(widgetreload)]</shortcut>
			<shortcut label="Top Rated Random Genre" condition="System.HasAddon(script.skin.helper.service)" icon="logos/shs-logo.png" widget="library" widgetType="movies" widgetTarget="video">plugin://script.skin.helper.service/?action=moviesforgenre&amp;limit=25&amp;reload=$INFO[Window(Home).Property(widgetreload)]</shortcut>
			<shortcut label="31176" condition="System.HasAddon(script.extendedinfo)" icon="logos/trakt2-logo.png" widget="trakt" widgetType="movies">plugin://script.extendedinfo?info=trendingmovies</shortcut>
			<shortcut label="31203" condition="System.HasAddon(script.extendedinfo)" icon="logos/rt2-logo.png" widget="trakt" widgetType="movies" widgetTarget="video">plugin://script.extendedinfo?info=intheatermovies</shortcut>
			<shortcut label="31204" condition="System.HasAddon(script.extendedinfo)" icon="logos/rt2-logo.png" widget="rt" widgetType="movies" widgetTarget="video">plugin://script.extendedinfo?info=comingsoonmovies</shortcut>
			<shortcut label="31206" condition="System.HasAddon(script.extendedinfo)" icon="logos/rt2-logo.png" widget="rt" widgetType="movies" widgetTarget="video">plugin://script.extendedinfo?info=openingmovies</shortcut>
			<shortcut label="31208" condition="System.HasAddon(script.extendedinfo)" icon="logos/rt2-logo.png" widget="rt" widgetType="movies" widgetTarget="video">plugin://script.extendedinfo?info=boxofficemovies</shortcut>
			<shortcut label="31177" condition="System.HasAddon(script.extendedinfo)" icon="logos/rt2-logo.png" widget="rt" widgetType="movies" widgetTarget="video">plugin://script.extendedinfo?info=toprentalmovies</shortcut>
			<shortcut label="Current DVDs" condition="System.HasAddon(script.extendedinfo)" icon="logos/rt2-logo.png" widget="rt" widgetType="movies" widgetTarget="video">plugin://script.extendedinfo?info=currentdvdmovies</shortcut>
			<shortcut label="New DVDs" condition="System.HasAddon(script.extendedinfo)" icon="logos/rt2-logo.png" widget="rt" widgetType="movies" widgetTarget="video">plugin://script.extendedinfo?info=newdvdmovies</shortcut>
			<shortcut label="Upcoming DVDs" condition="System.HasAddon(script.extendedinfo)" icon="logos/rt2-logo.png" widget="rt" widgetType="movies" widgetTarget="video">plugin://script.extendedinfo?info=upcomingdvdmovies</shortcut>
			<shortcut label="31209" condition="System.HasAddon(script.extendedinfo)" icon="logos/tmdb2-logo.png" widget="tmdb" widgetType="movies" widgetTarget="video">plugin://script.extendedinfo?info=incinemas</shortcut>
			<shortcut label="31207" condition="System.HasAddon(script.extendedinfo)" icon="logos/tmdb2-logo.png" widget="tmdb" widgetType="movies" widgetTarget="video">plugin://script.extendedinfo?info=upcoming</shortcut>
			<shortcut label="31210" condition="System.HasAddon(script.extendedinfo)" icon="logos/tmdb2-logo.png" widget="tmdb" widgetType="movies" widgetTarget="video">plugin://script.extendedinfo?info=popularmovies</shortcut>
			<shortcut label="31211" condition="System.HasAddon(script.extendedinfo)" icon="logos/tmdb2-logo.png" widget="tmdb" widgetType="movies" widgetTarget="video">plugin://script.extendedinfo?info=topratedmovies</shortcut>
		</node>
		<node label="20343">
			<shortcut label="31033" condition="System.HasAddon(service.library.data.provider)" icon="logos/ldp-logo.png" widget="library" widgetType="episodes" widgetTarget="video">plugin://service.library.data.provider?type=randomepisodes&amp;reload=$INFO[Window.Property(randomepisodes)]</shortcut>
			<shortcut label="31030" condition="System.HasAddon(service.library.data.provider)" icon="logos/ldp-logo.png" widget="library" widgetType="episodes" widgetTarget="video">plugin://service.library.data.provider?type=recentepisodes&amp;reload=$INFO[Window.Property(recentepisodes)]</shortcut>
			<shortcut label="31034" condition="System.HasAddon(service.library.data.provider)" icon="logos/ldp-logo.png" widget="library" widgetType="episodes" widgetTarget="video">plugin://service.library.data.provider?type=recommendedepisodes&amp;reload=$INFO[Window.Property(recommendedepisodes)]</shortcut>
			<shortcut label="626" icon="xbmc-logo.png" condition="Library.HasContent(TVShows)" widget="library" widgetType="episodes" widgetTarget="video">library://video/inprogressshows.xml</shortcut>
			<shortcut label="Next Episodes" condition="System.HasAddon(script.skin.helper.service)" icon="logos/shs-logo.png" widget="library" widgetType="episodes" widgetTarget="video">plugin://script.skin.helper.service/?action=nextepisodes&amp;limit=25&amp;reload=$INFO[Window(Home).Property(widgetreload)]</shortcut>
			<shortcut label="Similar TV Shows" condition="System.HasAddon(script.skin.helper.service)" icon="logos/shs-logo.png" widget="library" widgetType="tvshows" widgetTarget="video">plugin://script.skin.helper.service/?action=similarshows&amp;limit=25&amp;reload=$INFO[Window(Home).Property(widgetreload)]</shortcut>
			<shortcut label="Top Rated Random Genre" condition="System.HasAddon(script.skin.helper.service)" icon="logos/shs-logo.png" widget="library" widgetType="tvshows" widgetTarget="video">plugin://script.skin.helper.service/?action=showsforgenre&amp;limit=25&amp;reload=$INFO[Window(Home).Property(widgetreload)]</shortcut>
			<shortcut label="Next Aired" condition="System.HasAddon(script.skin.helper.service) + System.HasAddon(script.tv.show.next.aired)" icon="logos/tsna-logo.png" widget="library" widgetType="episodes" widgetTarget="video">plugin://script.skin.helper.service/?action=nextairedtvshows&amp;limit=25&amp;reload=$INFO[Window(Home).Property(widgetreload)]</shortcut>
			<shortcut label="31178" condition="System.HasAddon(script.extendedinfo)" icon="logos/trakt2-logo.png" widget="trakt" widgetType="tvshows" widgetTarget="video">plugin://script.extendedinfo?info=trendingshows</shortcut>
			<shortcut label="Airing Shows" condition="System.HasAddon(script.extendedinfo)" icon="logos/trakt2-logo.png" widget="trakt" widgetType="tvshows" widgetTarget="video">plugin://script.extendedinfo?info=airingepisodes</shortcut>
			<shortcut label="Premiere Show" condition="System.HasAddon(script.extendedinfo)" icon="logos/trakt2-logo.png" widget="trakt" widgetType="tvshows" widgetTarget="video">plugin://script.extendedinfo?info=premiereepisodes</shortcut>
			<shortcut label="31212" condition="System.HasAddon(script.extendedinfo)" icon="logos/tmdb2-logo.png" widget="tmdb" widgetType="tvshows" widgetTarget="video">plugin://script.extendedinfo?info=populartvshows</shortcut>
			<shortcut label="31213" condition="System.HasAddon(script.extendedinfo)" icon="logos/tmdb2-logo.png" widget="tmdb" widgetType="tvshows" widgetTarget="video">plugin://script.extendedinfo?info=topratedtvshows</shortcut>
			<shortcut label="31214" condition="System.HasAddon(script.extendedinfo)" icon="logos/tmdb2-logo.png" widget="tmdb" widgetType="tvshows" widgetTarget="video">plugin://script.extendedinfo?info=onairtvshows</shortcut>
			<shortcut label="31215" condition="System.HasAddon(script.extendedinfo)" icon="logos/tmdb2-logo.png" widget="tmdb" widgetType="tvshows" widgetTarget="video">plugin://script.extendedinfo?info=airingtodaytvshows</shortcut>
		</node>
		<node label="20389">
			<shortcut label="Random Music Videos" condition="System.HasAddon(service.library.data.provider)" icon="logos/ldp-logo.png" widget="library" widgetType="musicvideos" widgetTarget="video">plugin://service.library.data.provider?type=randommusicvideos&amp;reload=$INFO[Window.Property(randommusicvideos)]</shortcut>
			<shortcut label="Recent Music Videos" condition="System.HasAddon(service.library.data.provider)" icon="logos/ldp-logo.png" widget="library" widgetType="musicvideos" widgetTarget="video">plugin://service.library.data.provider?type=recentmusicvideos&amp;reload=$INFO[Window.Property(recentmusicvideos)]</shortcut>
			<shortcut label="Recommended Music Videos" condition="System.HasAddon(service.library.data.provider)" icon="logos/ldp-logo.png" widget="library" widgetType="musicvideos" widgetTarget="video">plugin://service.library.data.provider?type=recommendedmusicvideos&amp;reload=$INFO[Window.Property(recommendedmusicvideos)]</shortcut>
		</node>
		<node label="2">
			<shortcut label="31037" condition="System.HasAddon(script.skin.helper.service)" icon="logos/shs-logo.png" widget="library" widgetType="albums" widgetTarget="music">plugin://script.skin.helper.service/?action=recentalbums&amp;limit=25&amp;reload=$INFO[Window(Home).Property(widgetreloadmusic)]</shortcut>
			<shortcut label="31036" condition="System.HasAddon(service.library.data.provider)" icon="logos/ldp-logo.png" widget="library" widgetType="albums" widgetTarget="music">plugin://service.library.data.provider?type=randomalbums&amp;reload=$INFO[Window.Property(randomalbums)]</shortcut>
			<shortcut label="517" condition="System.HasAddon(script.skin.helper.service)" icon="logos/shs-logo.png" widget="library" widgetType="albums" widgetTarget="music">plugin://script.skin.helper.service/?action=recentplayedalbums&amp;limit=25&amp;reload=$INFO[Window(Home).Property(widgetreloadmusic)]</shortcut>
			<shortcut label="31038" condition="System.HasAddon(script.skin.helper.service)" icon="logos/shs-logo.png" widget="library" widgetType="albums" widgetTarget="music">plugin://script.skin.helper.service/?action=recommendedalbums&amp;limit=25&amp;reload=$INFO[Window(Home).Property(widgetreloadmusic)]</shortcut>
			<shortcut label="Recent Songs" condition="System.HasAddon(script.skin.helper.service)" icon="logos/shs-logo.png" widget="library" widgetType="songs" widgetTarget="music">plugin://script.skin.helper.service/?action=recentsongs&amp;limit=25&amp;reload=$INFO[Window(Home).Property(widgetreloadmusic)]</shortcut>
			<shortcut label="31035" condition="System.HasAddon(service.library.data.provider)" icon="logos/ldp-logo.png" widget="library" widgetType="songs" widgetTarget="music">plugin://service.library.data.provider?type=randomsongs&amp;reload=$INFO[Window.Property(randomsongs)]</shortcut>
			<shortcut label="Recently Played Songs" condition="System.HasAddon(script.skin.helper.service)" icon="logos/shs-logo.png" widget="library" widgetType="songs" widgetTarget="music">plugin://script.skin.helper.service/?action=recentplayedsongs&amp;limit=25&amp;reload=$INFO[Window(Home).Property(widgetreloadmusic)]</shortcut>
			<shortcut label="Recommended Songs" condition="System.HasAddon(script.skin.helper.service)" icon="logos/shs-logo.png" widget="library" widgetType="songs" widgetTarget="music">plugin://script.skin.helper.service/?action=recommendedsongs&amp;limit=25&amp;reload=$INFO[Window(Home).Property(widgetreloadmusic)]</shortcut>
		</node>
		<node label="32020">
			<content>picturesources</content>
			<shortcut label="31217" condition="System.HasAddon(script.extendedinfo)" icon="DefaultAddonPicture.png" widget="addon" widgetType="babe" widgetTarget="pictures">plugin://script.extendedinfo?info=dailybabes</shortcut>
			<shortcut label="31216" condition="System.HasAddon(script.extendedinfo)" icon="DefaultAddonPicture.png" widget="addon" widgetType="babe" widgetTarget="pictures">plugin://script.extendedinfo?info=dailybabe</shortcut>
		</node>
		<shortcut label="19020" condition="System.HasAddon(script.skin.helper.service)">||BROWSE||script.skin.helper.service/?action=widgets&amp;path=pvr</shortcut>
		<shortcut label="12600" icon="DefaultAddonWeather.png" condition="!IsEmpty(Weather.Plugin)" widget="weather" widgetType="weather">$INCLUDE[WeatherContent]</shortcut>
		<node label="1036">
			<shortcut label="1036" type="32010" condition="System.HasAddon(script.skin.helper.service)" icon="logos/shs-logo.png">||BROWSE||script.skin.helper.service/?action=widgets&amp;path=favourites</shortcut>
			<shortcut label="Favourite Media" condition="System.HasAddon(script.skin.helper.service)" icon="logos/shs-logo.png" widget="addon" widgetType="favourite">plugin://script.skin.helper.service/?action=favouritemedia&amp;limit=25&amp;reload=$INFO[Window(Home).Property(widgetreload2)]</shortcut>
			<shortcut label="1036" condition="System.HasAddon(script.skin.helper.service)" icon="logos/shs-logo.png" widget="addon" widgetType="favourite">plugin://script.skin.helper.service/?action=favourites&amp;limit=25&amp;reload=$INFO[Window(Home).Property(widgetreload2)]</shortcut>
		</node>
		<node label="Video Library">
			<content>video</content>
			<content>videosources</content>
		</node>
		<node label="Music Library">
			<content>music</content>
			<content>musicsources</content>
		</node>
		<node label="136">
			<content>playlist-video</content>
			<content>playlist-audio</content>
		</node>
		<node label="32007">
			<node label="32010">
				<content>addon-video</content>
			</node>
			<node label="32011">
				<content>addon-audio</content>
			</node>
			<node label="32012">
				<content>addon-image</content>
			</node>
			<node label="32009">
				<content>addon-program-plugin</content>
			</node>
			<shortcut label="10001" type="32021" icon="DefaultAddonProgram.png" widget="addon" widgetType="program" widgetTarget="programs">addons://sources/executable</shortcut>
			<shortcut label="1037" type="32014" icon="DefaultAddonVideo.png" widget="addon" widgetType="video" widgetTarget="video">addons://sources/video</shortcut>
			<shortcut label="1038" type="32019" icon="DefaultAddonMusic.png" widget="addon" widgetType="music" widgetTarget="music">addons://sources/audio</shortcut>
			<shortcut label="1039" type="32020" icon="DefaultAddonPicture.png" widget="addon" widgetType="picture" widgetTarget="pictures">addons://sources/image</shortcut>
		</node>
	</widget-groupings>
	<!-- Widget Default Values If Empty -->
	<propertyfallback property="widgetStyle">Panel</propertyfallback>
	<propertyfallback property="widgetArt">FanArt</propertyfallback>
	<propertyfallback property="widgetBack">Default</propertyfallback>
	<propertyfallback property="widgetStyle.2">Panel</propertyfallback>
	<propertyfallback property="widgetArt.2">FanArt</propertyfallback>
	<propertyfallback property="widgetBack.2">Default</propertyfallback>
	<!-- Widget Art 1 -->
	<propertySettings property="widgetArt" buttonID="511" showNone="False" title="Art"/>
	<property property="widgetArt" condition="StringCompare(Container(211).ListItem.Property(widgetType),movies) | StringCompare(Container(211).ListItem.Property(widgetType),sets) | StringCompare(Container(211).ListItem.Property(widgetType),episodes) | StringCompare(Container(211).ListItem.Property(widgetType),tvshows) | StringCompare(Container(211).ListItem.Property(widgetType),babe) | StringCompare(Container(211).ListItem.Property(widgetType),favourite)">Poster</property>
	<property property="widgetArt" condition="StringCompare(Container(211).ListItem.Property(widget),weather) | StringCompare(Container(211).ListItem.Property(widgetType),artists) | StringCompare(Container(211).ListItem.Property(widgetType),albums) | StringCompare(Container(211).ListItem.Property(widgetType),songs) | StringCompare(Container(211).ListItem.Property(widgetType),musicvideos) | StringCompare(Container(211).ListItem.Property(widgetType),picture) | [StringCompare(Container(211).ListItem.Property(widget),addon) + !StringCompare(Container(211).ListItem.Property(widgetType),babe)]">Square Poster</property>
	<property property="widgetArt" condition="!StringCompare(Container(211).ListItem.Property(widgetType),babe) | !StringCompare(Container(211).ListItem.Property(widget),rt)">FanArt</property>
	<property property="widgetArt" condition="[StringCompare(Container(211).ListItem.Property(widget),library) | StringCompare(Container(211).ListItem.Property(widget),playlist)] + [StringCompare(Container(211).ListItem.Property(widgetType),movies) | StringCompare(Container(211).ListItem.Property(widgetType),episodes) | StringCompare(Container(211).ListItem.Property(widgetType),tvshows)]">Landscape</property>
	<property property="widgetArt" condition="[StringCompare(Container(211).ListItem.Property(widget),library) | StringCompare(Container(211).ListItem.Property(widget),playlist)] + StringCompare(Container(211).ListItem.Property(widgetType),episodes)">Thumb</property>
	<property property="widgetArt" condition="[StringCompare(Container(211).ListItem.Property(widget),library) | StringCompare(Container(211).ListItem.Property(widget),playlist)] + [StringCompare(Container(211).ListItem.Property(widgetType),movies) | StringCompare(Container(211).ListItem.Property(widgetType),episodes) | StringCompare(Container(211).ListItem.Property(widgetType),tvshows)]">ClearArt</property>
	<property property="widgetArt" condition="[StringCompare(Container(211).ListItem.Property(widget),library) | StringCompare(Container(211).ListItem.Property(widget),playlist)] + [StringCompare(Container(211).ListItem.Property(widgetType),movies) | StringCompare(Container(211).ListItem.Property(widgetType),episodes) | StringCompare(Container(211).ListItem.Property(widgetType),tvshows) | SubString(Container(211).ListItem.Property(widgetPath),skin.helper)]">ClearLogo</property>
	<property property="widgetArt" condition="[StringCompare(Container(211).ListItem.Property(widget),library) | StringCompare(Container(211).ListItem.Property(widget),playlist)] + [StringCompare(Container(211).ListItem.Property(widgetType),movies) | SubString(Container(211).ListItem.Property(widgetPath),skin.helper)] + !StringCompare(Container(211).ListItem.Property(widgetType),episodes) + !StringCompare(Container(211).ListItem.Property(widgetType),tvshows)">DiscArt</property>
	<property property="widgetArt" condition="StringCompare(Container(211).ListItem.Property(widgetType),episodes) + [StringCompare(Container(211).ListItem.Property(widget),library) | StringCompare(Container(211).ListItem.Property(widget),playlist)] + [StringCompare(Container(211).ListItem.Property(widgetType),episodes) | StringCompare(Container(211).ListItem.Property(widgetType),tvshows)]">CharacterArt</property>
	<property property="widgetArt" condition="[StringCompare(Container(211).ListItem.Property(widget),library) | StringCompare(Container(211).ListItem.Property(widget),playlist) | StringCompare(Container(211).ListItem.Property(widget),trakt)] + [StringCompare(Container(211).ListItem.Property(widgetType),movies) | StringCompare(Container(211).ListItem.Property(widgetType),episodes) | StringCompare(Container(211).ListItem.Property(widgetType),tvshows)  | SubString(Container(211).ListItem.Property(widgetPath),skin.helper)] + !SubString(Container(211).ListItem.Property(widgetStyle),classic)">Banner</property>
	<!-- Widget Art 2 -->
	<propertySettings property="widgetArt.2" buttonID="513" showNone="False" title="Art"/>
	<property property="widgetArt.2" condition="StringCompare(Container(211).ListItem.Property(widgetType.2),movies) | StringCompare(Container(211).ListItem.Property(widgetType.2),sets) | StringCompare(Container(211).ListItem.Property(widgetType.2),episodes) | StringCompare(Container(211).ListItem.Property(widgetType.2),tvshows) | StringCompare(Container(211).ListItem.Property(widgetType.2),babe) | StringCompare(Container(211).ListItem.Property(widgetType.2),favourite)">Poster</property>
	<property property="widgetArt.2" condition="StringCompare(Container(211).ListItem.Property(widget.2),weather) | StringCompare(Container(211).ListItem.Property(widgetType.2),artists) | StringCompare(Container(211).ListItem.Property(widgetType.2),albums) | StringCompare(Container(211).ListItem.Property(widgetType.2),songs) | StringCompare(Container(211).ListItem.Property(widgetType.2),musicvideos) | StringCompare(Container(211).ListItem.Property(widgetType.2),picture) | [StringCompare(Container(211).ListItem.Property(widget.2),addon) + !StringCompare(Container(211).ListItem.Property(widgetType.2),babe)]">Square Poster</property>
	<property property="widgetArt.2" condition="!StringCompare(Container(211).ListItem.Property(widgetType.2),babe) | !StringCompare(Container(211).ListItem.Property(widget.2),rt)">FanArt</property>
	<property property="widgetArt.2" condition="[StringCompare(Container(211).ListItem.Property(widget.2),library) | StringCompare(Container(211).ListItem.Property(widget.2),playlist)] + [StringCompare(Container(211).ListItem.Property(widgetType.2),movies) | StringCompare(Container(211).ListItem.Property(widgetType.2),episodes) | StringCompare(Container(211).ListItem.Property(widgetType.2),tvshows)]">Landscape</property>
	<property property="widgetArt.2" condition="[StringCompare(Container(211).ListItem.Property(widget.2),library) | StringCompare(Container(211).ListItem.Property(widget.2),playlist)] + StringCompare(Container(211).ListItem.Property(widgetType.2),episodes)">Thumb</property>
	<property property="widgetArt.2" condition="[StringCompare(Container(211).ListItem.Property(widget.2),library) | StringCompare(Container(211).ListItem.Property(widget.2),playlist)] + [StringCompare(Container(211).ListItem.Property(widgetType.2),movies) | StringCompare(Container(211).ListItem.Property(widgetType.2),episodes) | StringCompare(Container(211).ListItem.Property(widgetType.2),tvshows)]">ClearArt</property>
	<property property="widgetArt.2" condition="[StringCompare(Container(211).ListItem.Property(widget.2),library) | StringCompare(Container(211).ListItem.Property(widget.2),playlist)] + [StringCompare(Container(211).ListItem.Property(widgetType.2),movies) | StringCompare(Container(211).ListItem.Property(widgetType.2),episodes) | StringCompare(Container(211).ListItem.Property(widgetType.2),tvshows) | SubString(Container(211).ListItem.Property(widgetPath.2),skin.helper)]">ClearLogo</property>
	<property property="widgetArt.2" condition="[StringCompare(Container(211).ListItem.Property(widget.2),library) | StringCompare(Container(211).ListItem.Property(widget.2),playlist)] + [StringCompare(Container(211).ListItem.Property(widgetType.2),movies) | SubString(Container(211).ListItem.Property(widgetPath.2),skin.helper)] + !StringCompare(Container(211).ListItem.Property(widgetType.2),tvshows) + !StringCompare(Container(211).ListItem.Property(widgetType.2),episodes)">DiscArt</property>
	<property property="widgetArt.2" condition="StringCompare(Container(211).ListItem.Property(widgetType.2),episodes) + [StringCompare(Container(211).ListItem.Property(widget.2),library) | StringCompare(Container(211).ListItem.Property(widget.2),playlist)] + [StringCompare(Container(211).ListItem.Property(widgetType.2),episodes) | StringCompare(Container(211).ListItem.Property(widgetType.2),tvshows)]">CharacterArt</property>
	<property property="widgetArt.2" condition="[StringCompare(Container(211).ListItem.Property(widget.2),library) | StringCompare(Container(211).ListItem.Property(widget.2),playlist) | StringCompare(Container(211).ListItem.Property(widget.2),trakt)] + [StringCompare(Container(211).ListItem.Property(widgetType.2),movies) | StringCompare(Container(211).ListItem.Property(widgetType.2),episodes) | StringCompare(Container(211).ListItem.Property(widgetType.2),tvshows)  | SubString(Container(211).ListItem.Property(widgetPath.2),skin.helper)] + !SubString(Container(211).ListItem.Property(widgetStyle.2),classic)">Banner</property>
	<!-- Widget Case 1 -->
	<propertySettings property="widgetCase" buttonID="517" title="Case" />
	<property property="widgetCase" icon="homewidgets/glass/portrait.png" condition="StringCompare(Container(211).ListItem.Property(widgetArt),Poster)">Glass</property>
	<property property="widgetCase" icon="homewidgets/glass/square.png" condition="StringCompare(Container(211).ListItem.Property(widgetArt),Square Poster)">Glass</property>
	<property property="widgetCase" icon="homewidgets/glass/landscape.png" condition="StringCompare(Container(211).ListItem.Property(widgetArt),FanArt)">Glass</property>
	<property property="widgetCase" icon="homewidgets/glass/landscape.png" condition="StringCompare(Container(211).ListItem.Property(widgetArt),Landscape)">Glass</property>
	<property property="widgetCase" icon="homewidgets/glass/landscape.png" condition="StringCompare(Container(211).ListItem.Property(widgetArt),Thumb)">Glass</property>
	<property property="widgetCase" icon="homewidgets/glass/landscape.png" condition="StringCompare(Container(211).ListItem.Property(widgetArt),ClearArt)">Glass</property>
	<property property="widgetCase" icon="homewidgets/glass/square.png" condition="StringCompare(Container(211).ListItem.Property(widgetArt),ClearLogo)">Glass</property>
	<property property="widgetCase" icon="homewidgets/glass/square.png" condition="StringCompare(Container(211).ListItem.Property(widgetArt),DiscArt)">Glass</property>
	<property property="widgetCase" icon="homewidgets/glass/banner.png" condition="StringCompare(Container(211).ListItem.Property(widgetArt),Banner)">Glass</property>
	<property property="widgetCase" icon="homewidgets/case/1080p.png" condition="StringCompare(Container(211).ListItem.Property(widgetArt),Poster)">Case</property>
	<property property="widgetCase" icon="homewidgets/case/cd.png" condition="StringCompare(Container(211).ListItem.Property(widgetArt),Square Poster)">Case</property>
	<property property="widgetCase" icon="homewidgets/clearcase/1080p.png" condition="StringCompare(Container(211).ListItem.Property(widgetArt),Poster)">Clear Case</property>
	<property property="widgetCase" icon="homewidgets/clearcase/cd.png" condition="StringCompare(Container(211).ListItem.Property(widgetArt),Square Poster)">Clear Case</property>
	<!-- Widget Case 2 -->
	<propertySettings property="widgetCase.2" buttonID="518" title="Case" />
	<property property="widgetCase.2" icon="homewidgets/glass/portrait.png" condition="StringCompare(Container(211).ListItem.Property(widgetArt.2),Poster)">Glass</property>
	<property property="widgetCase.2" icon="homewidgets/glass/square.png" condition="StringCompare(Container(211).ListItem.Property(widgetArt.2),Square Poster)">Glass</property>
	<property property="widgetCase.2" icon="homewidgets/glass/landscape.png" condition="StringCompare(Container(211).ListItem.Property(widgetArt.2),FanArt)">Glass</property>
	<property property="widgetCase.2" icon="homewidgets/glass/landscape.png" condition="StringCompare(Container(211).ListItem.Property(widgetArt.2),Landscape)">Glass</property>
	<property property="widgetCase.2" icon="homewidgets/glass/landscape.png" condition="StringCompare(Container(211).ListItem.Property(widgetArt.2),Thumb)">Glass</property>
	<property property="widgetCase.2" icon="homewidgets/glass/landscape.png" condition="StringCompare(Container(211).ListItem.Property(widgetArt.2),ClearArt)">Glass</property>
	<property property="widgetCase.2" icon="homewidgets/glass/square.png" condition="StringCompare(Container(211).ListItem.Property(widgetArt.2),ClearLogo)">Glass</property>
	<property property="widgetCase.2" icon="homewidgets/glass/square.png" condition="StringCompare(Container(211).ListItem.Property(widgetArt.2),DiscArt)">Glass</property>
	<property property="widgetCase.2" icon="homewidgets/glass/banner.png" condition="StringCompare(Container(211).ListItem.Property(widgetArt.2),Banner)">Glass</property>
	<property property="widgetCase.2" icon="homewidgets/case/1080p.png" condition="StringCompare(Container(211).ListItem.Property(widgetArt.2),Poster)">Case</property>
	<property property="widgetCase.2" icon="homewidgets/case/cd.png" condition="StringCompare(Container(211).ListItem.Property(widgetArt.2),Square Poster)">Case</property>
	<property property="widgetCase.2" icon="homewidgets/clearcase/1080p.png" condition="StringCompare(Container(211).ListItem.Property(widgetArt.2),Poster)">Clear Case</property>
	<property property="widgetCase.2" icon="homewidgets/clearcase/cd.png" condition="StringCompare(Container(211).ListItem.Property(widgetArt.2),Square Poster)">Clear Case</property>
	<!-- Widget Style 1 -->
	<propertySettings property="widgetStyle" buttonID="509" showNone="False" title="Style" />
	<property property="widgetStyle">List</property>
	<property property="widgetStyle">Panel</property>
	<property property="widgetStyle">Extended Panel</property>
	<property property="widgetStyle">Compact Panel</property>
	<property property="widgetStyle">Compact Extended Panel</property>
	<!-- Widget Style 2 -->
	<propertySettings property="widgetStyle.2" buttonID="514" showNone="False" title="Style" />
	<property property="widgetStyle.2">List</property>
	<property property="widgetStyle.2">Panel</property>
	<property property="widgetStyle.2">Extended Panel</property>
	<property property="widgetStyle.2">Compact Panel</property>
	<property property="widgetStyle.2">Compact Extended Panel</property>
	<!-- Widget Back 1 -->
	<propertySettings property="widgetBack" buttonID="524" showNone="False" title="Widget Background" />
	<property property="widgetBack">Default</property>
	<property property="widgetBack">Flat</property>
	<property property="widgetBack">Clear</property>
	<property property="widgetBack">Clear White</property>
	<property property="widgetBack">None</property>
	<!-- Widget Back 2 -->
	<propertySettings property="widgetBack.2" buttonID="525" showNone="False" title="Widget Background" />
	<property property="widgetBack.2">Default</property>
	<property property="widgetBack.2">Flat</property>
	<property property="widgetBack.2">Clear</property>
	<property property="widgetBack.2">Clear White</property>
	<property property="widgetBack.2">None</property>
	<!-- Widget Title 1 -->
	<propertySettings property="widgetTitle" buttonID="515" title="Panel Label" />
	<property property="widgetTitle">Panel</property>
	<property property="widgetTitle">On Focus</property>
	<property property="widgetTitle">Title</property>
	<!-- Widget Title 2 -->
	<propertySettings property="widgetTitle.2" buttonID="516" title="Panel Label" />
	<property property="widgetTitle.2">Panel</property>
	<property property="widgetTitle.2">On Focus</property>
	<property property="widgetTitle.2">Title</property>
	<!-- Widget Sort By 1 -->
	<propertySettings property="widgetSortby" buttonID="520" title="Sort by" />
	<property property="widgetSortby" label="Title">title</property>
	<property property="widgetSortby" label="TV Show Title" condition="StringCompare(Container(211).ListItem.Property(widgetType),episodes)">tvshowtitle</property>
	<property property="widgetSortby" label="Date" condition="StringCompare(Container(211).ListItem.Property(widgetType),episodes)">date</property>
	<property property="widgetSortby" label="Artist" condition="StringCompare(Container(211).ListItem.Property(widgetType),musicvideos) | StringCompare(Container(211).ListItem.Property(widgetType),artists) | StringCompare(Container(211).ListItem.Property(widgetType),albums) | StringCompare(Container(211).ListItem.Property(widgetType),songs)">artist</property>
	<property property="widgetSortby" label="Album" condition="StringCompare(Container(211).ListItem.Property(widgetType),musicvideos) | StringCompare(Container(211).ListItem.Property(widgetType),albums) | StringCompare(Container(211).ListItem.Property(widgetType),songs)">album</property>
	<property property="widgetSortby" label="Track Number" condition="StringCompare(Container(211).ListItem.Property(widgetType),songs)">tracknumber</property>
	<property property="widgetSortby" label="Channel Number" condition="StringCompare(Container(211).ListItem.Property(widgetType),pvr)">channelnumber</property>
	<property property="widgetSortby" label="Year" condition="StringCompare(Container(211).ListItem.Property(widgetType),movies) | StringCompare(Container(211).ListItem.Property(widgetType),tvshows) | StringCompare(Container(211).ListItem.Property(widgetType),musicvideos) | StringCompare(Container(211).ListItem.Property(widgetType),albums)">year</property>
	<property property="widgetSortby" label="Date Added" condition="!StringCompare(Container(211).ListItem.Property(widgetType),pvr)">dateAdded</property>
	<property property="widgetSortby" label="Random">random</property>
	<!-- Widget Sort Order 1 -->
	<propertySettings property="widgetSort" buttonID="521" title="Sort Order" />
	<property property="widgetSort" label="Ascending">ascending</property>
	<property property="widgetSort" label="Descending">descending</property>
	<!-- Widget Sort By 2 -->
	<propertySettings property="widgetSortby.2" buttonID="522" title="Sort by" />
	<property property="widgetSortby.2" label="Title">title</property>
	<property property="widgetSortby.2" label="TV Show Title" condition="StringCompare(Container(211).ListItem.Property(widgetType),episodes)">tvshowtitle</property>
	<property property="widgetSortby.2" label="Date" condition="StringCompare(Container(211).ListItem.Property(widgetType),episodes)">date</property>
	<property property="widgetSortby.2" label="Artist" condition="StringCompare(Container(211).ListItem.Property(widgetType),musicvideos) | StringCompare(Container(211).ListItem.Property(widgetType),artists) | StringCompare(Container(211).ListItem.Property(widgetType),albums) | StringCompare(Container(211).ListItem.Property(widgetType),songs)">artist</property>
	<property property="widgetSortby.2" label="Album" condition="StringCompare(Container(211).ListItem.Property(widgetType),musicvideos) | StringCompare(Container(211).ListItem.Property(widgetType),albums) | StringCompare(Container(211).ListItem.Property(widgetType),songs)">album</property>
	<property property="widgetSortby.2" label="Track Number" condition="StringCompare(Container(211).ListItem.Property(widgetType),songs)">tracknumber</property>
	<property property="widgetSortby.2" label="Channel Number" condition="StringCompare(Container(211).ListItem.Property(widgetType),pvr)">channelnumber</property>
	<property property="widgetSortby.2" label="Year" condition="StringCompare(Container(211).ListItem.Property(widgetType),movies) | StringCompare(Container(211).ListItem.Property(widgetType),tvshows) | StringCompare(Container(211).ListItem.Property(widgetType),musicvideos) | StringCompare(Container(211).ListItem.Property(widgetType),albums)">year</property>
	<property property="widgetSortby.2" label="Date Added" condition="!StringCompare(Container(211).ListItem.Property(widgetType),pvr)">dateAdded</property>
	<property property="widgetSortby.2" label="Random">random</property>
	<!-- Widget Sort Order 2 -->
	<propertySettings property="widgetSort.2" buttonID="523" title="Sort Order" />
	<property property="widgetSort.2" label="Ascending">ascending</property>
	<property property="widgetSort.2" label="Descending">descending</property>
	<!-- Infoline -->
	<property property="InfoLine">31052</property>
	<property property="InfoLine">31053</property>
	<property property="InfoLine">31054</property>
	<property property="InfoLine">31058</property>
	<property property="InfoLine">20088</property>
	<property property="InfoLine">31061</property>
	<property property="InfoLine">31085</property>
	<property property="InfoLine">130</property>
	<property property="InfoLine">31097</property>
	<property property="InfoLine">31098</property>
	<property property="InfoLine">31099</property>
	<!-- Icon Overrides -->
	<icon image="DefaultShortcut.png">special://skin/extras/icons/DefaultAddSource.png</icon>
	<icon image="DefaultActor.png">special://skin/extras/icons/DefaultActor.png</icon>
	<icon image="DefaultAddon.png">special://skin/extras/icons/DefaultAddon.png</icon>
	<icon image="DefaultAddonLibrary.png">special://skin/extras/icons/DefaultAddonLibrary.png</icon>
	<icon image="DefaultAddonMusic.png">special://skin/extras/icons/DefaultAddonMusic.png</icon>
	<icon image="DefaultAddonNone.png">special://skin/extras/icons/DefaultAddonNone.png</icon>
	<icon image="DefaultAddonPicture.png">special://skin/extras/icons/DefaultAddonPicture.png</icon>
	<icon image="DefaultAddonProgram.png">special://skin/extras/icons/DefaultAddonProgram.png</icon>
	<icon image="DefaultAddonPVRClient.png">special://skin/extras/icons/DefaultAddonPVRClient.png</icon>
	<icon image="DefaultAddonVideo.png">special://skin/extras/icons/DefaultAddonVideo.png</icon>
	<icon image="DefaultAddonWeather.png">special://skin/extras/icons/DefaultAddonWeather.png</icon>
	<icon image="DefaultAlbumCover.png">special://skin/extras/icons/DefaultAlbumCover.png</icon>
	<icon image="DefaultArtist.png">special://skin/extras/icons/DefaultArtist.png</icon>
	<icon image="DefaultAudio.png">special://skin/extras/icons/DefaultAudio.png</icon>
	<icon image="DefaultCountry.png">special://skin/extras/icons/DefaultCountry.png</icon>
	<icon image="DefaultDirector.png">special://skin/extras/icons/DefaultDirector.png</icon>
	<icon image="DefaultFile.png">special://skin/extras/icons/DefaultFile.png</icon>
	<icon image="DefaultFolder.png">special://skin/extras/icons/DefaultFolder.png</icon>
	<icon image="DefaultGames.png">special://skin/extras/icons/DefaultGames.png</icon>
	<icon image="DefaultGenre.png">special://skin/extras/icons/DefaultGenre.png</icon>
	<icon image="DefaultInProgressShows.png">special://skin/extras/icons/DefaultInProgressShows.png</icon>
	<icon image="DefaultMovies.png">special://skin/extras/icons/DefaultMovies.png</icon>
	<icon image="DefaultMovieTitle.png">special://skin/extras/icons/DefaultMovieTitle.png</icon>
	<icon image="DefaultMusicAlbums.png">special://skin/extras/icons/DefaultMusicAlbums.png</icon>
	<icon image="DefaultMusicArtists.png">special://skin/extras/icons/DefaultMusicArtists.png</icon>
	<icon image="DefaultMusicGenres.png">special://skin/extras/icons/DefaultMusicGenres.png</icon>
	<icon image="DefaultMusicPlaylists.png">special://skin/extras/icons/DefaultMusicPlaylists.png</icon>
	<icon image="DefaultMusicRecentlyAdded.png">special://skin/extras/icons/DefaultMusicRecentlyAdded.png</icon>
	<icon image="DefaultMusicRecentlyPlayed.png">special://skin/extras/icons/DefaultMusicRecentlyPlayed.png</icon>
	<icon image="DefaultMusicSongs.png">special://skin/extras/icons/DefaultMusicSongs.png</icon>
	<icon image="DefaultMusicTop100.png">special://skin/extras/icons/DefaultMusicTop100.png</icon>
	<icon image="DefaultMusicTop100Albums.png">special://skin/extras/icons/DefaultMusicTop100Albums.png</icon>
	<icon image="DefaultMusicTop100Songs.png">special://skin/extras/icons/DefaultMusicTop100Songs.png</icon>
	<icon image="DefaultMusicVideos.png">special://skin/extras/icons/DefaultMusicVideos.png</icon>
	<icon image="DefaultMusicVideoTitle.png">special://skin/extras/icons/DefaultMusicVideoTitle.png</icon>
	<icon image="DefaultMusicYears.png">special://skin/extras/icons/DefaultMusicYears.png</icon>
	<icon image="DefaultPicture.png">special://skin/extras/icons/DefaultPicture.png</icon>
	<icon image="DefaultPlaylist.png">special://skin/extras/icons/DefaultPlaylist.png</icon>
	<icon image="DefaultProgram.png">special://skin/extras/icons/DefaultProgram.png</icon>
	<icon image="DefaultRecentlyAddedEpisodes.png">special://skin/extras/icons/DefaultRecentlyAddedEpisodes.png</icon>
	<icon image="DefaultRecentlyAddedMovies.png">special://skin/extras/icons/DefaultRecentlyAddedMovies.png</icon>
	<icon image="DefaultRecentlyAddedMusicVideos.png">special://skin/extras/icons/DefaultRecentlyAddedMusicVideos.png</icon>
	<icon image="DefaultSets.png">special://skin/extras/icons/DefaultSets.png</icon>
	<icon image="DefaultStudios.png">special://skin/extras/icons/DefaultStudios.png</icon>
	<icon image="DefaultTags.png">special://skin/extras/icons/DefaultTags.png</icon>
	<icon image="DefaultTVShows.png">special://skin/extras/icons/DefaultTVShows.png</icon>
	<icon image="DefaultTVShowTitle.png">special://skin/extras/icons/DefaultTVShowTitle.png</icon>
	<icon image="DefaultVideo.png">special://skin/extras/icons/DefaultVideo.png</icon>
	<icon image="DefaultVideoPlaylists.png">special://skin/extras/icons/DefaultVideoPlaylists.png</icon>
	<icon image="DefaultYear.png">special://skin/extras/icons/DefaultYear.png</icon>
</overrides>