﻿<?xml version="1.0" encoding="UTF-8" standalone="yes"?>
<addon id="script.megatvupdater"
    name="[COLOR mediumseagreen]## CerebroTV Updater ##[/COLOR]" version="1.10.2" provider-name="Biglad">
  <requires>
    <import addon="xbmc.python" version="2.19.0"/>
    <import addon="script.module.httplib2" version="0.8.0" />
    <import addon="script.module.oauth2client" version="1.4.7" />
    <import addon="script.module.uritemplate" version="0.6" />
    <import addon="script.module.yaml" version="3.11"/>
    <import addon="script.module.googleapi" version="1.4.0" />
  </requires>
  <extension point="xbmc.python.script" library="default.py"> 
     <provides>executable</provides> 
  </extension> 
  <extension point="xbmc.service" library="service.py" start="startup" />
  <extension point="xbmc.addon.metadata">
<language></language>
    <platform>all</platform>
    <license>CerebroTV 2016</license>
    <forum>CerebroTV 2016</forum>
    <source></source>
  </extension>
</addon>
