<?xml version="1.0" encoding="UTF-8" standalone="yes"?>
<addon id="plugin.video.bennu" name="Bennu" version="17.11.03" provider-name="Bennu">
	<requires>
		<import addon="xbmc.python" version="2.1.0" />
        <!--<import addon="repository.colossus" /> -->
		<import addon="plugin.video.youtube" version="5.2.1" />
		<import addon="script.module.covenant" />
		<import addon="script.covenant.metadata" />
		<import addon="script.module.pyxbmct" version="1.1.4" />
		<import addon="script.module.urlresolver" version="3.0.0"/>
		<import addon="script.module.liveresolver" version="0.1.24"/>
		<import addon="script.video.F4mProxy" version="2.2.3"/>
	</requires>
	<extension point="xbmc.python.pluginsource" library="default.py">
		<provides>video</provides>
	</extension>
	<extension point="xbmc.addon.metadata">
		<summary lang="en">Bennu</summary>
		<description lang="en">We Rise From The Ashes</description>
		<description lang="hr">Podigli smo se iz pepela</description>
		<description lang="he">אנחנו עולים מהאפר</description>
		<disclaimer lang="en">The author of this addon do not host any of the content which is found and have no affiliation with any of the content providers. This addon simply searches websites for content. Use at your own risk!</disclaimer>
 		<disclaimer lang="hr">Autor ovog dodatka ne posjeduje bilo kakav sadržaj koji je pronađen i nije povezan sa bilo kojim izvorom sadržaja. Ovaj dodatak samo pretražuje sadržaj na web stranicama. Koristite ga na vlastitu odgovornost!</disclaimer>
 		<disclaimer lang="he">מחבר ההרחבה הזו אינו מארח את התוכן שיתכן ויימצא ואין לו זיקה לאף אחד מספקי התוכן. הרחבה רק מחפשת תוכן שקיים באתרי אינטרנט. השימוש בהרחבה הוא על אחריותך בלבד!</disclaimer>	
		<platform>all</platform>
		<forum></forum>
		<website></website>
		<assets>
			<icon>icon.png</icon>
			<fanart>fanart.jpg</fanart>
			<screenshot>resources/screenshots/screenshot-01.jpg</screenshot>
			<screenshot>resources/screenshots/screenshot-02.jpg</screenshot>
			<screenshot>resources/screenshots/screenshot-03.jpg</screenshot>
		</assets>
		<news>release</news>
	</extension>
</addon>
