<?xml version="1.0" encoding="UTF-8" standalone="yes"?>
<addon id="script.bonecrusher.artwork" version="1.0.6" name="bone crusher Artwork" provider-name="bonecrusher">
	<requires>
		<import addon="xbmc.python" version="2.19.0"/>
	</requires>
	<extension point="xbmc.python.module" library="lib" />
	<extension point="xbmc.addon.metadata">
		<summary>Themes for the bonecrusher Addon</summary>
		<description>Themes for bonecrusher are maintained separately to make distribution of the the addon itself easier/faster.</description>
		<platform>all</platform>
	</extension>
</addon>
