<?xml version="1.0" encoding="UTF-8" standalone="yes"?>
<addon id="script.tvguide.cerebrotv.uk" name="Cerebro TV Guide UK FULL" version="2.0.29" provider-name="Biglad">
	<requires>
		<import addon="xbmc.python" version="2.19.0"/>
		<import addon="script.module.simplejson" version="3.3.0"/>
        <import addon="script.module.requests" />
	</requires>
	<extension point="xbmc.python.script" library="addon.py">
            <provides>executable</provides>
    </extension>
    <extension point="xbmc.service" library="service.py" start="login"/>
	<extension point="xbmc.addon.metadata">
		<summary lang="be">FTV Guide allows you to combine some of your favourite live TV plugins for use with a fully working EPG</summary>
		<summary lang="ca">Guia de TV amb suport de XMLTV i flux de dades</summary>
		<summary lang="da">FTV Guide allows you to combine some of your favourite live TV plugins for use with a fully working EPG</summary>
		<summary lang="de">FTV Guide erlaubt es Ihre Live TV Plugins mit einem TV Guide zu kombinieren</summary>
		<summary lang="el">Οδηγός Τηλεόρασης με XMLTV και υποστήριξη ροών</summary>
		<summary lang="en">FTV Guide allows you to combine some of your favourite live TV plugins for use with a fully working EPG</summary>
		<summary lang="en_US">FTV Guide allows you to combine some of your favourite live TV plugins for use with a fully working EPG</summary>
		<summary lang="es">TV Guide con XMLTV y soporte para streaming</summary>
		<summary lang="fr">Guide TV avec support du XMLTV et du streaming</summary>
		<summary lang="fr_CA">Guide télé avec prise en charge de XMLTV et de la lecture en transit</summary>
		<summary lang="gl">Guía de TV con soporte XMLTV e transmisións</summary>
		<summary lang="he">מדריך תכניות עם תמיכה ב-XMLTV והזרמה</summary>
		<summary lang="hr">TV vodič sa XMLTV podrškom i podrškom streamanja</summary>
		<summary lang="id">Panduan Siaran TV dengan dukungan XMLTV dan streaming</summary>
		<summary lang="it">Guida TV con supporto XMLTV e streaming</summary>
		<summary lang="ko">XMLTV와 스트리밍을 지원하는 TV Guide</summary>
		<summary lang="nl">TVgids met XMLTV en streaming ondersteuning</summary>
		<summary lang="pl">TV Guide obsługujący XMLTV oraz transmisję strumieniową</summary>
		<summary lang="pt">Guia TV com suporte XMLTV e transmissões</summary>
		<summary lang="pt_BR">Guia de TV com XMLTV e suporte para transmissão online</summary>
		<summary lang="sk">TV Program s podporou XMLTV a streamovania</summary>
		<summary lang="sv">TV-guide med XML-TV och strömningsstöd</summary>
		<summary lang="zh">支持XMLTV和流的电视指南</summary>
		<description lang="be">FTV Guide allows you to combine some of your favourite live TV plugins for use with a fully working EPG</description>
		<description lang="ca">Guia de TV amb suport de XMLTV i flux de dades</description>
		<description lang="da">TV Guide med XMLTV og streaming support</description>
		<description lang="de">FTV Guide erlaubt es Ihre Live TV Plugins mit einem TV Guide zu kombinieren</description>
		<description lang="el">Οδηγός Τηλεόρασης με XMLTV και υποστήριξη ροών</description>
		<description lang="en">FTV Guide allows you to combine some of your favourite live TV plugins for use with a fully working EPG</description>
		<description lang="en_US">TFTV Guide allows you to combine some of your favourite live TV plugins for use with a fully working EPG</description>
		<description lang="es">TV Guide con XMLTV y soporte para streaming</description>
		<description lang="fr">Guide TV avec support du XMLTV et du streaming</description>
		<description lang="fr_CA">Guide télé avec prise en charge de XMLTV et de la lecture en transit</description>
		<description lang="gl">Guía de TV con soporte XMLTV e transmisións</description>
		<description lang="he">מדריך תכניות עם תמיכה ב-XMLTV והזרמה</description>
		<description lang="hr">TV vodič sa XMLTV podrškom i podrškom streamanja</description>
		<description lang="id">Panduan Siaran TV dengan dukungan XMLTV dan streaming</description>
		<description lang="it">Guida TV con supporto XMLTV e streaming</description>
		<description lang="ko">XMLTV와 스트리밍을 지원하는 TV Guide</description>
		<description lang="nl">TVgids met XMLTV en streaming ondersteuning</description>
		<description lang="pl">TV Guide obsługujący XMLTV oraz transmisję strumieniową</description>
		<description lang="pt">Guia TV com suporte XMLTV e transmissões</description>
		<description lang="pt_BR">Guia de TV com XMLTV e suporte para transmissão online</description>
		<description lang="sk">TV Program s podporou XMLTV a streamovania</description>
		<description lang="sv">TV-guide med XML-TV och strömningsstöd</description>
		<description lang="zh">支持XMLTV和流的电视指南</description>
		<disclaimer lang="en">FTV Guide is based on the original TV Guide addon by twinther.</disclaimer>
		<language></language>
		<platform>all</platform>
		<license>GPLv2</license>
		<forum>https://forums.tvaddons.ag/ftv-guide-for-kodi</forum>
		<source>https://github.com/bluezed/FTV-Guide-Repo</source>
        <website></website>
		<email></email>
		<news>v2.0.25 Added workaround for DST issue on Android... hopefully</news>
		<assets>
          <icon>resources/icon.png</icon>
          <fanart>resources/fanart.jpg</fanart>
          <screenshot>resources/screenshot001.png</screenshot>
          <screenshot>resources/screenshot002.png</screenshot>
          <screenshot>resources/screenshot003.png</screenshot>
        </assets>
	</extension>
</addon>
