<?xml version="1.0" encoding="UTF-8" standalone="yes"?>
<addon id="script.program.menurefresh"
  name="CerebroTV Menu Updater"
  version="1.2" 
  provider-name="biglad">
  <requires>
    <import addon="xbmc.python" version="2.1.0"/>
  </requires>
  <extension point="xbmc.python.script" library="addon.py">
    <provides>executable</provides>
  </extension>
  <extension point="xbmc.addon.metadata">
    <platform>all</platform>
    <summary lang="en"></summary>
    <description lang="en"></description>
	<disclaimer></disclaimer>
  </extension>
</addon>
