<?xml version="1.0" encoding="UTF-8"?>
<addon id="plugin.program.megatvboxnot" version="1.0.2"
       name="Notifications" provider-name="Biglad">
  <requires>
  	<import addon="xbmc.python" version="2.1.0"/>
  	<import addon="script.module.addon.common" optional="true" />
  </requires>
  <extension point="xbmc.python.script" library="default.py">
    <provides>executable</provides>
  </extension>
  <!--<extension point="xbmc.service" library="service.py" start="startup">
  </extension>-->
  <extension point="xbmc.addon.metadata">
  	<summary>TMEGATVBOX</summary>
  	<description>TMEGATVBOX.</description>
  	<disclaimer>TMEGATVBOX.</disclaimer>
  	<language>en</language>
  	<platform>all</platform>
  	<forum>http://www.megatvbox.co.uk/</forum>
  	<website>http://www.megatvbox.co.uk/</website>
  	<source></source>
  	<email></email>
  </extension>
</addon>
