<?xml version="1.0" encoding="UTF-8" standalone="yes"?>
<addon id="repository.nanaddons" name="Community Portal Repository" version="1.1" provider-name="noobsandnerds.com">
	<extension point="xbmc.addon.repository" name=" Community Portal Addon Repository">
	<dir>
		<info compressed="false">https://raw.githubusercontent.com/noobsandnerds/noobsandnerds/master/zips/addons.xml</info>
		<checksum>https://raw.githubusercontent.com/noobsandnerds/noobsandnerds/master/zips/addons.xml.md5</checksum>
		<datadir zip="true">https://raw.githubusercontent.com/noobsandnerds/noobsandnerds/master/zips/</datadir>
	</dir>
	<dir>
		<info compressed="false">https://raw.github.com/Shepo6/Shepo/master/addons.xml</info>
		<checksum>https://raw.github.com/Shepo6/Shepo/master/addons.xml.md5</checksum>
		<datadir zip="true">https://raw.github.com/Shepo6/Shepo/master/</datadir>
	</dir>
	<dir>
		<info compressed="false">http://r.ninjasys.uk/addons.xml</info>
		<checksum>http://r.ninjasys.uk/addons.xml.md5</checksum>
		<datadir zip="true">http://r.ninjasys.uk/zips</datadir>
	</dir>
	<dir minversion="14.0.0">
		<info compressed="false">https://github.com/OpenELEQ/repository.q/raw/master/openeleq-addons.xml</info>
		<checksum>https://github.com/OpenELEQ/repository.q/raw/master/openeleq-addons.xml.md5</checksum>
		<datadir zip="true">https://raw.github.com/OpenELEQ/repository.q/master/zips/</datadir>
	</dir>
	<dir minversion="16.0.0">
		<info compressed="false">https://github.com/OpenELEQ/repository.q.jarvis/raw/master/openeleq-addons.xml</info>
		<checksum>https://github.com/OpenELEQ/repository.q.jarvis/raw/master/openeleq-addons.xml.md5</checksum>
		<datadir zip="true">https://raw.github.com/OpenELEQ/repository.q.jarvis/master/zips/</datadir>
	</dir>
	<dir minversion="16.9.9">
		<info compressed="false">https://github.com/OpenELEQ/repository.q.krypton/raw/master/openeleq-addons.xml</info>
		<checksum>https://github.com/OpenELEQ/repository.q.krypton/raw/master/openeleq-addons.xml.md5</checksum>
		<datadir zip="true">https://raw.github.com/OpenELEQ/repository.q.krypton/master/zips/</datadir>
	</dir>
	<dir>
		<info compressed="false">https://raw.github.com/Barroni1977/kobra/master/addons.xml</info>
		<checksum>https://raw.github.com/Barroni1977/kobra/master/addons.xml.md5</checksum>
		<datadir zip="true">https://raw.github.com/Barroni1977/kobra/master/</datadir>
	</dir>
	<dir>
        <info compressed="false">https://raw.githubusercontent.com/HalowTV/HalowTV/master/zips/addons.xml</info>
		<checksum>https://raw.githubusercontent.com/HalowTV/HalowTV/master/zips/addons.xml.md5</checksum>
		<datadir zip="true">https://raw.githubusercontent.com/HalowTV/HalowTV/master/zips/</datadir>
	</dir>
	<dir>
		<info compressed="false">https://raw.githubusercontent.com/DaButch3r/repository.dab/master/zips/addons.xml</info>
		<checksum>https://raw.githubusercontent.com/DaButch3r/repository.dab/master/zips/addons.xml.md5</checksum>
		<datadir zip="true">https://raw.githubusercontent.com/DaButch3r/repository.dab/master/zips/</datadir>
	</dir>
	<dir>
		<info compressed="false">https://raw.github.com/Andrewrb84/ARBMODRAPIER/master/addons.xml</info>
		<checksum>https://raw.github.com/Andrewrb84/ARBMODRAPIER/master/addons.xml.md5</checksum>
		<datadir zip="true">https://raw.github.com/Andrewrb84/ARBMODRAPIER/master/</datadir>
	</dir>
	<dir>
        <info compressed="false">http://schism-tv.net/addons/addons.xml</info>
        <checksum>http://schism-tv.net/addons/addons.xml.md5</checksum>
        <datadir zip="true">http://schism-tv.net/addons/zips/</datadir>
    </dir>
	</extension>
	<extension point="xbmc.addon.metadata">
		<summary>Home of Bob, MetalliQ, Zen, Community Portal, TVPortal and many more!</summary>
		<description>Visit www.noobsandnerds.com and become a part of our great family, you get to choose what The Community Portal holds! This repository is a container for all add-ons supported at noobsandnerds.</description>
		<platform>all</platform>
	</extension>
</addon>
