﻿<?xml version="1.0" encoding="UTF-8" standalone="yes"?>
<addon id="plugin.video.bonecrusher" version="1.0.6" name=" bonecrusher" provider-name="bonecrusher">
	<requires>
		<import addon="xbmc.python" version="2.19.0" />
		<import addon="script.bonecrusher.artwork" version="1.0.0"/>
		<import addon="script.module.urlresolver" version="4.0.06"/>
		<import addon="script.module.metahandler" version="1.0.0" />
		<import addon="script.module.requests" />
		<import addon="script.module.beautifulsoup" />
		<import addon="script.module.bc.common" version="1.0.0" />
		<import addon="script.module.futures" version="2.2.0"/>
		<import addon="plugin.program.Crucialminds.favourites" version="0.0.1"/>
        <import addon="script.crucialminds.pair" version="1.1"/>
	</requires>
	<extension point="xbmc.python.pluginsource" library="bonecrusher.py">
		<provides>video</provides>
	</extension>
	<extension point="xbmc.addon.metadata">
		<summary lang="en">bonecrusher Movies/TV Shows</summary>
		<description lang="en">Watch Movies and TV Shows in High quality! Please note that this addon is not an official part of the Kodi media player , and therefore not to be mentioned within official support channels, this addon has nothing to do with the media player itself, nor it’s intended use, it is simply a third party plugin which has been added to your system.</description>
		<disclaimer lang="en">The Author does not host or share any content, nor is affiliated with the content providers.</disclaimer>
		<platform>all</platform>
		
		<news>Update Providers</news>
		<assets>
			<icon>icon.png</icon>
			<fanart>fanart.jpg</fanart>
			<screenshot></screenshot>
			<screenshot></screenshot>
			<screenshot></screenshot>
		</assets>
	</extension>
</addon>