<?xml version="1.0" encoding="UTF-8" standalone="yes"?>
<addon id="service.autosubs-cere"
    name="AutoSubs" version="9.0.1" provider-name="amet,schumi2004">
  <requires>
    <import addon="xbmc.python" version="2.14.0"/>
  </requires>
  <extension point="xbmc.service" library="default.py" start="login"></extension>  
  <extension point="xbmc.addon.metadata">
    <summary lang="en">Auto Search for Subtitles on Play</summary>
    <description lang="en">Auto Search for Subtitles on Playback start if no subs are found.[CR][CR]Icon credits goes to zNET Computer Solutions http://www.znetcs.pl</description>
    <platform>all</platform>
    <language>en</language>
    <license>GPL</license>
    <website></website>
    <source>https://github.com/amet/service.autosubs</source>
    <forum>http://forum.xbmc.org/showthread.php?tid=198973</forum>
    <email>schumi2004@gmail.com</email>
  </extension>
</addon>
