<?xml version="1.0" encoding="UTF-8" standalone="yes"?>
<addon id="plugin.video.bonanza"
       name="IPTV BONANZA"
       version="1.0.1"
       provider-name="BONANZA">
    <requires>
        <import addon="xbmc.python" version="2.1.0"/>
        <import addon="script.video.F4mProxy" version="2.5.7" />
    </requires>
    <extension point="xbmc.python.pluginsource"
               library="default.py">
        <provides>video</provides>
    </extension>
    <extension point="xbmc.addon.metadata">
        <platform>all</platform>
        <license>GPL 2.0</license>
        <summary lang="en">IPTV BONANZA</summary>
        <description lang="en">Find and play daily IPTV lists in blogs and websites.</description>
    </extension>
</addon>
