<?xml version="1.0" encoding="UTF-8" standalone="yes"?>
<addon id="plugin.video.cerebro-movies"
  name="[COLOR=gold] .CerebroTV Movie Search[/COLOR] (STILL IN BETA)"
  version="1.6" 
  provider-name="Biglad">
  <requires>
    <import addon="xbmc.python" version="2.1.0"/>
	<import addon="script.module.requests" />
    <import addon="script.module.urlresolver" />
  </requires>
  <extension point="xbmc.python.script" library="addon.py">
    <provides>executable</provides>
  </extension>
  <extension point="xbmc.addon.metadata">
    <platform>all</platform>
    <summary lang="en">CerebroTV Menu System</summary>
    <description lang="en">CerebroTV Menu System</description>
	<disclaimer>CerebroTV Menu System</disclaimer>
  </extension>
</addon>
