<?xml version="1.0" encoding="UTF-8" standalone="yes"?>
<addon id="repository.MatsBuilds" name="Goliaths BACKUP repository" version="1.0.19" provider-name="Goliath">
	<extension point="xbmc.addon.repository" name="Goliaths BACKUP Repository">
	<dir>
		<info compressed="false">https://offshoregit.com/tvaresolvers/tva-common-repository/raw/master/addons.xml</info>
		<checksum>https://offshoregit.com/tvaresolvers/tva-common-repository/raw/master/addons.xml.md5</checksum>
		<datadir zip="true">https://offshoregit.com/tvaresolvers/tva-common-repository/raw/master/zips/</datadir>
	</dir>
		<info compressed="false">https://raw.githubusercontent.com/Goliath-Evolve/repository.Goliath/master/addons.xml</info>
		<checksum>https://raw.githubusercontent.com/Goliath-Evolve/repository.Goliath/master/addons.xml.md5</checksum>
		<datadir zip="true">https://raw.githubusercontent.com/Goliath-Evolve/repository.Goliath/master/zips/</datadir>
	</extension>
	<extension point="xbmc.addon.metadata">
		<summary>Home of the unofficial 3rd party Addon Evolve</summary>
		<description>Download and install all unofficial Add-ons from Goliath</description>
		<platform>all</platform>
	</extension>
</addon>

