<?xml version="1.0" encoding="UTF-8" standalone="yes"?>
<addon id="plugin.video.livehub2" name="[B][COLOR ghostwhite]Cerebro[/COLOR][COLOR red] IPTV[/COLOR][/B]" version="10.6" provider-name="sClarke and Biglad">
  <requires>
    <import addon="xbmc.python" version="2.1.0"/>
	<import addon="script.module.requests" />
	<import addon="script.video.F4mProxy" />
  </requires>
  <extension point="xbmc.python.pluginsource" library="default.py">
        <provides>video</provides>
  </extension>
  <extension point="xbmc.addon.metadata">
    <summary lang="en">Live Hub - Bringing Live TV To Your Media Device</summary>
    <description lang="en">Live Hub - Bringing Live TV To Your Media Device. Kodi 17+ is Recommended.</description>
	<disclaimer lang="en"></disclaimer>
    <platform>all</platform>
  </extension>
</addon>
