<addon id="plugin.video.onmp4porn" name="mPorn" version="0.0.2" provider-name="oneil/Goliath_Evolve">
<requires>
<import addon="xbmc.python" version="2.1.0"/>
<import addon="script.module.urlresolver"  version="2.10.0"/>
<import addon="script.module.addon.common" version="2.0.0"/>
</requires>
<extension point="xbmc.python.pluginsource" library="default.py">
<provides>video</provides>
</extension>
<extension point="xbmc.addon.metadata">
<summary lang="en">Watch low quality, cheesy porn worth a wank...  18+ only</summary>
<description lang="en">Watch low quality, cheesy porn worth a wank...  18+ only</description>
<disclaimer lang="en">You should be over 18 to install and use  this addon. The original author neither hosts or stores any content, the original author has no affiliation with content hosts, it is the sole responsibility of the user to ensure they have permission to view any streams provided.</disclaimer>
<platform>all</platform>
</extension>
</addon>
