<colors>
	<color name="white">FFffffff</color>
	<color name="white2">d0FFFFFF</color>
	<color name="grey">FFBDBDBD</color>
	<color name="grey2">FF999999</color>
	<color name="grey3">FFfa381d</color>
	<color name="grey4">FF404040</color>
	<color name="black">FF000000</color>
	<color name="blue">FFfa381d</color>
	<color name="selected">FFff4040</color>
	<color name="invalid">FFFF0000</color>
	<color name="themecolor">FFff4040</color>
	<color name="themecolor_transparent">88ff4040</color>
	<color name="ICS_Blue_Text">fffa381d</color>
	<color name="ICS_Blue_Textures">ffff4040</color>
	<color name="dialogheader">FF606060</color>
	<color name="labelheader">FFfa381d</color>
	<color name="shadow">AA000000</color>
	<color name="topbar">88fa381d</color>
</colors>