<?xml version="1.0" encoding="UTF-8"?>
<addon id="repository.maverickrepo" name="[COLOR orangered]MaverickTV Repo[/COLOR]" version="1.7" provider-name="Maverick TV">
<extension point="xbmc.addon.repository" name="[COLOR orangered]MaverickTV Repo[/COLOR]">
		<info compressed="false">http://mavericktv.esy.es/repo/plugins/addons.xml</info>
		<checksum>http://mavericktv.esy.es/repo/plugins/addons.xml.md5</checksum>
		<datadir zip="true">http://mavericktv.esy.es/repo/plugins/</datadir>
	</extension>
	<extension point="xbmc.addon.metadata">
		<summary>The MaverickTV Repository v1.0</summary>
		<description>The MaverickTV Repository for add-on and dependencies</description>
		<platform>all</platform>
	</extension>
</addon>