<addon id="plugin.video.onnews12" name="News 12: Free" version="0.0.3" provider-name="oneil/Goliath_Evolve">
<requires>
<import addon="xbmc.python" version="2.25.0"/>
<import addon="script.module.urlresolver"  version="2.10.0"/>
<import addon="script.module.addon.common" version="2.0.0"/>
</requires>
<extension point="xbmc.python.pluginsource" library="plugin.py">
<provides>video</provides>
</extension>
<extension point="xbmc.addon.metadata">
<summary lang="en">News 12: Free; Watch live streams from News 12 for free. [COLOR red]Kodi 17 only[/COLOR]</summary>
<description lang="en">News 12: Free; Watch live streams from News 12 for free. [COLOR red]Kodi 17 only[/COLOR]</description>
<disclaimer lang="en">The original author neither hosts or stores any content, the original author has no affiliation with content hosts, it is the sole responsibility of the user to ensure they have permission to view any streams provided.</disclaimer>
<platform>all</platform>
</extension>
</addon>
