<?xml version="1.0" encoding="utf-8"?>
<window type="dialog">
    <allowoverlay>no</allowoverlay>
    <defaultcontrol always="true">6000</defaultcontrol>
    <coordinates>
        <system>1</system>
        <posx>0</posx>
        <posy>0</posy>
    </coordinates>
    <controls>
        <control type="label" id="6001">
            <description>visibility marker for selection box</description>
        </control>


        <control type="image">
            <posx>0</posx>
            <posy>150</posy>
            <width>100%</width>
            <height>100%</height>
            <texture>tvguide-background-default.jpg</texture>
        </control>
		
		<control type="image">
            <posx>156</posx>
            <posy>207</posy>
            <width>1000</width>
            <height>400</height>
            <texture>desc-bg.png</texture>
        </control>

        <control type="group">
            <posx>200</posx>
            <posy>449</posy>
            <width>560</width>
            <height>38</height>
            <visible>!Control.IsVisible(6001)</visible>
            <animation type="Visible">
                <effect type="slide" start="450,0" end="0,0" time="500" />
            </animation>
            <animation type="Hidden">
                <effect type="slide" start="0,0" end="450,0" time="500" />
            </animation>

            <control type="image">
                <posx>0</posx>
                <posy>20</posy>
                <width>400</width>
                <height>40</height>
                <texture>tvguide-glasspane.png</texture>
            </control>
            <control type="image">
                <posx>0</posx>
                <posy>20</posy>
                <width>400</width>
                <height>40</height>
                <texture>tvguide-glasspane.png</texture>
            </control>

            <control type="image">
                <posx>12</posx>
                <posy>20</posy>
                <width>16</width>
                <height>40</height>
                <texture>tvguide-channel-updownarrow.png</texture>
            </control>
            <control type="image">
                <posx>40</posx>
                <posy>20</posy>
                <width>460</width>
                <height>38</height>
            </control>
            <control type="button" id="6002">
                <posx>36</posx>
                <posy>20</posy>
                <width>360</width>
                <height>38</height>
                <aligny>center</aligny>
                <font>Font-ListInfo-Small</font>
                <textcolor>ffffffff</textcolor>
                <label>text</label>
                <texturefocus>tvguide-program-grey-focus.png</texturefocus>
                <texturenofocus>tvguide-program-grey.png</texturenofocus>
            </control>
            <control type="label">
                <posx>36</posx>
                <posy>70</posy>
                <width>410</width>
                <height>60</height>
                <font>Font-ListInfo-Small</font>
                <textcolor>ffffffff</textcolor>
				<visible>false</visible>
                <label>$ADDON[script.tvguide.cerebrotv.kids 30501]</label>
            </control>
        </control>

        <control type="label">
            <posx>156</posx>
            <posy>180</posy>
            <width>180</width>
            <height>50</height>
            <textcolor>ff363636</textcolor>
            <font>Font-ListInfo-Small</font>
			<align>left</align>
            <aligny>top</aligny>
            <textcolor>ffffffff</textcolor>
            <label>$ADDON[script.tvguide.cerebrotv.kids 30500]</label>
        </control>
		<control type="label">
            <description>Help and Tips</description>
            <posx>165</posx>
            <posy>215</posy>
            <width>400</width>
            <height>400</height>
            <textcolor>ffb8b8b8</textcolor>
            <font>Font-ListInfo-Small</font>
			<align>justify</align>
            <aligny>top</aligny>
			<wrapmultiline>true</wrapmultiline>
			<autoscroll time="3600" delay="6000" repeat="6000">true</autoscroll>
			<label>$ADDON[script.tvguide.cerebrotv.kids 30501]</label>
        </control>
        <control type="fixedlist" id="6000">
            <posx>600</posx>
            <posy>229</posy>
            <width>520</width>
            <height>300</height>
            <viewtype label="list">list</viewtype>
            <orientation>vertical</orientation>
            <focusposition>7</focusposition>
            <onright>6003</onright>
            <itemlayout width="520" height="40">
                <control type="image">
                    <posx>0</posx>
                    <posy>0</posy>
                    <width>520</width>
                    <height>38</height>
                    <texture>tvguide-program-grey.png</texture>
                </control>
                <control type="label">
                    <posx>16</posx>
                    <posy>0</posy>
                    <width>450</width>
                    <height>38</height>
                    <aligny>center</aligny>
                    <font>Font-ListInfo-Small</font>
                    <textcolor>ffffffff</textcolor>
                    <info>ListItem.Label</info>
                </control>
                <control type="image">
                    <posx>470</posx>
                    <posy>0</posy>
                    <width>40</width>
                    <height>40</height>
                    <info>ListItem.Icon</info>
                </control>
            </itemlayout>
            <focusedlayout width="520" height="40">
                <control type="image">
                    <posx>0</posx>
                    <posy>0</posy>
                    <width>520</width>
                    <height>38</height>
                    <texture>tvguide-program-grey-focus.png</texture>
                    <visible>Control.HasFocus(6000)</visible>
                </control>
                <control type="image">
                    <posx>8</posx>
                    <posy>0</posy>
                    <width>12</width>
                    <height>40</height>
                    <texture>tvguide-channel-leftarrow.png</texture>
                </control>
                <control type="label">
                    <posx>16</posx>
                    <posy>0</posy>
                    <width>450</width>
                    <height>38</height>
                    <aligny>center</aligny>
                    <font>Font-ListInfo-Small</font>
                    <textcolor>ffffffff</textcolor>
                    <label>[B]$INFO[ListItem.Label][/B]</label>
                </control>
                <control type="image">
                    <posx>470</posx>
                    <posy>0</posy>
                    <width>40</width>
                    <height>40</height>
                    <info>ListItem.Icon</info>
                </control>
            </focusedlayout>
        </control>
		
		<control type="label">
                <posx>1100</posx>
                <posy>560</posy>
                <width>610</width>
                <height>80</height>
				<font>Font-ListInfo-Small</font>
				<aligny>top</aligny>
				<align>right</align>
                <label>Press the right key to go to channel options.</label>
                <wrapmultiline>true</wrapmultiline>
            </control>

        <control type="button" id="6003">
            <posx>752</posx>
            <posy>610</posy>
            <width>200</width>
            <height>40</height>
            <align>center</align>
            <aligny>center</aligny>
            <font>Font-ListInfo-Small</font>
            <textcolor>ffffffff</textcolor>
            <texturefocus>tvguide-program-grey-focus.png</texturefocus>
			<texturenofocus>desc-bg.png</texturenofocus>
            <label>$ADDON[script.tvguide.cerebrotv.kids 30502]</label>
            <onleft>6000</onleft>
            <onright>6004</onright>
            <onup>6000</onup>
        </control>
        <control type="button" id="6004">
            <posx>956</posx>
            <posy>610</posy>
            <width>200</width>
            <height>40</height>
            <align>center</align>
            <aligny>center</aligny>
            <font>Font-ListInfo-Small</font>
            <textcolor>ffffffff</textcolor>
            <texturefocus>tvguide-program-grey-focus.png</texturefocus>
			<texturenofocus>desc-bg.png</texturenofocus>
            <label>$ADDON[script.tvguide.cerebrotv.kids 30503]</label>
            <onleft>6003</onleft>
            <onright>6000</onright>
            <onup>6000</onup>
        </control>

    </controls>
</window>