<?xml version="1.0" encoding="UTF-8" standalone="yes"?>
<addon id="script.program.megatvbox-refresh"
  name="Cerebro TV Clean Installer"
  version="1.5" 
  provider-name="Biglad">
  <requires>
    <import addon="xbmc.python" version="2.1.0"/>
  </requires>
  <extension point="xbmc.python.script" library="addon.py">
    <provides>executable</provides>
  </extension>
  <extension point="xbmc.addon.metadata">
    <platform>all</platform>
    <summary lang="en">Cerebro TV Wait</summary>
    <description lang="en">Cerebro TV Wait</description>
	<disclaimer>Cerebro TV Wait.</disclaimer>
  </extension>
</addon>
