<?xml version="1.0" encoding="UTF-8" standalone="yes"?>
<addon id="script.module.echo" name="CerebroTV Libraries" version="1.00.006" provider-name="Biglad, Echo Coder">
	<requires>
		<import addon="xbmc.python" version="2.1.0" />
		<import addon="script.module.requests" />
	</requires>
	<extension point="xbmc.python.module" library="lib" />
	<extension point="xbmc.addon.metadata">
		<platform>all</platform>
		<summary lang="en">Forked from TK Norris Shared Module. Reusable Modules used by several of Echo's addons</summary>
	</extension>
</addon>
