<?xml version="1.0" encoding="utf-8"?>
<window type="dialog">
    <allowoverlay>no</allowoverlay>
    <defaultcontrol always="true">1000</defaultcontrol>
    <coordinates>
        <system>1</system>
        <posx>0</posx>
        <posy>0</posy>
    </coordinates>
    <animation effect="fade" start="0" end="100" time="250">WindowOpen</animation>
    <animation effect="fade" start="100" end="0" time="250">WindowClose</animation>
    <controls>
		<control type="image">
            <posx>0</posx>
            <posy>150</posy>
            <width>100%</width>
            <height>100%</height>
            <texture>tvguide-background-default.jpg</texture>
        </control>
		
		<control type="image">
            <posx>156</posx>
            <posy>207</posy>
            <width>1000</width>
            <height>400</height>
            <texture>desc-bg.png</texture>
        </control>
		
		<control type="label">
            <description>Help and Tips</description>
            <posx>156</posx>
            <posy>180</posy>
            <width>180</width>
            <height>50</height>
            <textcolor>ff363636</textcolor>
            <font>Font-WidgetCategory</font>
			<align>left</align>
            <aligny>top</aligny>
			<label>Choose Stream</label>
        </control>

        <control type="label" id="4000">
            <posx>330</posx>
            <posy>450</posy>
            <width>600</width>
            <height>80</height>
            <textcolor>ffffffff</textcolor>
            <font>Font-ListInfo-Small</font>
            <align>center</align>
            <label>[B]$ADDON[script.tvguide.cerebrotv.sports 30700][/B]</label>
            <wrapmultiline>true</wrapmultiline>
        </control>

        <control type="fixedlist" id="1000">
            <posx>330</posx>
            <posy>250</posy>
            <width>600</width>
            <height>180</height>
            <viewtype label="list">list</viewtype>
            <orientation>horizontal</orientation>
            <focusposition>1</focusposition>

            <itemlayout width="200" height="200">
                <control type="image">
                    <posx>0</posx>
                    <posy>0</posy>
                    <width>200</width>
                    <height>20180</height>
                    <texture>tvguide-program-grey.png</texture>
                </control>
                <control type="image">
                    <posx>31</posx>
                    <posy>16</posy>
                    <width>128</width>
                    <height>128</height>
                    <info>ListItem.Icon</info>
                </control>
                <control type="label">
                    <posx>100</posx>
                    <posy>140</posy>
                    <width>200</width>
                    <height>40</height>
                    <align>center</align>
                    <font>Font-ListInfo-Small</font>
                    <textcolor>ffffffff</textcolor>
                    <info>ListItem.Label</info>
                </control>
            </itemlayout>
            <focusedlayout width="200" height="200">
                <control type="image">
                    <posx>0</posx>
                    <posy>0</posy>
                    <width>200</width>
                    <height>180</height>
                    <texture>tvguide-program-grey-focus.png</texture>
                    <visible>Control.HasFocus(1000)</visible>
                </control>
                <control type="image">
                    <posx>31</posx>
                    <posy>16</posy>
                    <width>128</width>
                    <height>128</height>
                    <info>ListItem.Icon</info>
                </control>
                <control type="label">
                    <posx>100</posx>
                    <posy>140</posy>
                    <width>180</width>
                    <height>40</height>
                    <align>center</align>
                    <font>Font-ListInfo-Small</font>
                    <textcolor>ffffffff</textcolor>
                    <info>ListItem.Label</info>
                </control>
            </focusedlayout>
        </control>
    </controls>
</window>