﻿<addon id="repository.smash" name="Smash repository" version="1.0.1" provider-name="SMASH">
	<extension point="xbmc.addon.repository" name="Smash repository">
	<dir>
        <info compressed="false">http://mediarepos.org/Repos/smashrepo/addons.xml</info>
        <checksum>http://mediarepos.org/Repos/smashrepo/addons.xml.md5</checksum>
        <datadir zip="true">http://mediarepos.org/Repos/smashrepo/</datadir>
	</dir>
	</extension>
	<extension point="xbmc.addon.metadata">
		<summary lang="en">Under This Repo, I Will Host Addons With No Home,Bring Life To Dead Addons That Fully Work, Link To Repos From Devs (This will install current version the Dev Has) </summary>
		<description lang="en">The People Under Some of the Kodi Groups made a big deal about me getting donations if you want to hep no matter what ppl say you can donate here paypal.me/BrianSMASH</description>
		<platform>all</platform>
		<forum></forum>
        <website></website>
		<news>sometimes people hate when someone ask for donations but if imma host so called addons and they not and other repos for devs which i am i made two for two guys with addons then donations help with hosting and vps cost which will be settings up</news>
	</extension>
</addon>