<?xml version="1.0" encoding="UTF-8" standalone="yes"?>
<addon id="plugin.video.streamztv" name=" [B][COLOR lime]StreamZ 
[/COLOR][COLOR white]TV[/COLOR][/B]"
       version="1.2.2"
       provider-name="Optimus">
  <requires>
    <import addon="script.module.requests" version="2.9.1"/>
	<import addon="script.module.simplejson" version="3.3.0"/>
    <import addon="xbmc.python" version="2.1.0"/>
    <import addon="script.module.urlresolver" version="1.0.0"/>
    <import addon="plugin.video.youtube" version="5.3.6"/>
    <import addon="script.module.urlresolver"  version="2.1.2"/>
    <import addon="script.module.liveresolver" version="0.1.24"/>
  </requires>
  <extension point="xbmc.python.pluginsource" library="default.py">
        <provides>video</provides>
  </extension>
  <extension point="xbmc.addon.metadata">
    <summary></summary>
    <description></description>
<disclaimer lang="en">The author does not host or distribute any of the content displayed by this addon or have any affiliation with any website owners</disclaimer>
    <platform>all</platform>
	<forum lang="en"></forum>
    <website lang="en"></website>
  </extension>
</addon>
