<?xml version="1.0" encoding="UTF-8" standalone="yes"?>
<addon id="script.cerebro.tvguide.open3"
  name="CerebroTV Launch TV Guide Kids"
  version="1.3" 
  provider-name="Biglad">
  <requires>
    <import addon="xbmc.python" version="2.1.0"/>
    <import addon="script.tvguide.cerebrotv.kids" />
  </requires>
  <extension point="xbmc.python.script" library="addon.py">
    <provides>executable</provides>
  </extension>
  <extension point="xbmc.addon.metadata">
    <platform>all</platform>
    <summary lang="en">CerebroTV Menu System</summary>
    <description lang="en">CerebroTV Menu System</description>
	<disclaimer>CerebroTV Menu System</disclaimer>
  </extension>
</addon>
