<?xml version="1.0" encoding="UTF-8"?>
<addon
  id="skin.evolve"
  version="5.8.4-3.0.2"
  name="Evolve"
  provider-name="The Evolve Mod by ClassicNancy|Created by BigNoid | Modded by SiLVO and Widgets by Mr. V">
	<requires>
		<import addon="xbmc.gui" version="5.10.0"/>
		<import addon="script.grab.fanart" version="0.12.8"/>
		<import addon="script.skinshortcuts" version="0.6.5"/>
		<import addon="service.library.data.provider" version="0.0.7"/>
		<import addon="script.toolbox" version="1.1.0"/>
		<import addon="resource.images.studios.white" version="0.0.1"/>
		<import addon="resource.images.recordlabels.white" version="0.0.1"/>
	</requires>
	<extension
	  point="xbmc.gui.skin"
	  debugging="false"
	  effectslowdown="0.75">
		<res width="1920" height="1080" aspect="16:9" default="true" folder="1080i" />
	</extension>
	<extension point="xbmc.addon.metadata">
		<summary lang="en">Evolve</summary>
		<description lang="en">Completely redesigned by ClassicNancy to create a new modern look. Thank you to BigNoid, Silvo and Widgets by Mr. V for their awesome skin</description>
		<platform>all</platform>
</extension>
</addon>
