<?xml version="1.0" encoding="UTF-8" standalone="yes"?>

<addon id="repository.bear" name="PBear Repository" version="1.00" provider-name="PBear">
	<extension point="xbmc.addon.repository" name="The Community Repository">
		<info compressed="false">http://repo.pbear.srve.io/addons.xml</info>
		<checksum>http://repo.pbear.srve.io/addons.xml.md5</checksum>
		<datadir zip="true">http://repo.pbear.srve.io/</datadir>
	</extension>
	<extension point="xbmc.addon.metadata">
		<summary>PBear Repo</summary>
		<description>Repo</description>
		<platform>all</platform>
	</extension>
</addon>
