<?xml version="1.0" encoding="UTF-8" standalone="yes"?>
<addon id="plugin.video.wargames" name="[COLOR ghostwhite][B]Cerebro Media[/B][/COLOR]" version="99.0.6" provider-name="Biglad">
	<requires>
		<import addon="xbmc.python" version="2.1.0" />
		<import addon="plugin.video.youtube" version="5.2.1" optional="true" />
		<import addon="script.module.pyxbmct" version="1.1.4" />
		<import addon="script.module.urlresolver" version="3.0.0"/>
		<import addon="script.module.liveresolver" version="0.1.24"/>
		<import addon="script.video.F4mProxy" version="2.2.3"/>
		<import addon="script.wargames.artwork" version="1.0.0"/>
		<import addon="script.wargames.metadata" version="1.0.0"/>
		<import addon="script.module.metahandler" version="1.0.0" />
		<import addon="script.module.wargames"/>
	</requires>
	<extension point="xbmc.python.pluginsource" library="default.py">
		<provides>video</provides>
	</extension>
	<extension point="xbmc.addon.metadata">
		<summary lang="en">CerebroTV Media Addon</summary>
		<description lang="en">Free IPTV, Movies, TV Shows, Kids, Sports and much more.</description>
		<disclaimer lang="en">The author does not host or distribute any content. Credits to Phoenix and Exodus for SOME of the base code. Cloned from the Wargames version.</disclaimer>
		<platform>all</platform>
		<forum>https://www.facebook.com/groups/cerebrotvguide/</forum>
		<assets>
			<icon>icon.png</icon>
			<fanart>fanart.jpg</fanart>
		</assets>
		<news>NOTHING TO REPORT</news>
	</extension>
</addon>