<?xml version="1.0" encoding="UTF-8"?>
<!--suppress ALL -->
<addon id="plugin.video.link__tester" version="1.0.3" name="Cerebro HD Movies" provider-name="Biglad,Echo Coder">
    <requires>
        <import addon="xbmc.python" version="2.1.0"/>
        <import addon="script.module.urlresolver" version="2.2.0"/>
        <import addon="script.module.echo"/>
		<import addon="script.module.requests" />
    </requires>
    <extension point="xbmc.python.pluginsource" library="default.py">
        <provides>executable</provides>
    </extension>
    <extension point="xbmc.addon.metadata">
        <summary>URLResolver Link Tester Addon - Forked from TK Norris</summary>
        <description></description>
        <platform>all</platform>
	</extension>
</addon>
