<?xml version="1.0" encoding="UTF-8"?>
<window id="1131" type="dialog">
	<defaultcontrol always="true">9011</defaultcontrol>
	<onunload>ClearProperty(actualViewtype,home)</onunload>
	<include>WindowSettingsFadeEffect</include>
	<controls>
		<control type="group">
			<animation effect="fade" start="100" end="0" time="200" condition="Window.IsVisible(1141)" reversible="true">conditional</animation>
			<control type="button" id="8999">
				<description>Close Window button</description>
				<left>350</left>
				<width>64</width>
				<height>48</height>
				<label></label>
				<font>CloseButton</font>
				<textcolor>grey</textcolor>
				<focusedcolor>tomato</focusedcolor>
				<onclick>Dialog.Close(1131)</onclick>
				<texturefocus />
				<texturenofocus />
				<visible>system.getbool(input.enablemouse)</visible>
			</control>
			<control type="label">
				<top>100</top>
				<width>400</width>
				<height>52</height>
				<textoffsetx>15</textoffsetx>
				<font>font13_title</font>
				<label>$INFO[Container.Viewmode] $LOCALIZE[5]</label>
				<textcolor>tomato</textcolor>
				<aligny>center</aligny>
			</control>
			<control type="grouplist" id="9011">
				<left>0</left>
				<top>152</top>
				<width>400</width>
				<height>915</height>
				<orientation>vertical</orientation>
				<onleft>Dialog.Close(1131)</onleft>
				<onright>Dialog.Close(1131)</onright>
				<onup>9011</onup>
				<ondown>9012</ondown>
				<!-- <control type="button" id="1499">
					<include>ButtonCommonValues</include>
					<label>Colors</label>
					<onclick condition="!System.HasAddon(script.skin.helper.service)">Notification($LOCALIZE[19098]:,Install script.skin.helper.service for full functionality,7000,DefaultIconWarning.png)</onclick>
					<onclick condition="System.HasAddon(script.skin.helper.service)">ActivateWindow(1141)</onclick>
					<texturenofocus border="1">separator5.png</texturenofocus>
					<visible>StringCompare(Window(home).Property(actualViewtype),RightList) | StringCompare(Window(home).Property(actualViewtype),BigList)</visible>
				</control> -->
				<control type="button" id="1500">
					<include>ButtonCommonValues</include>
					<label>TopBar</label>
					<label2>[COLOR tomato]$VAR[NoTopBarLabelVar][/COLOR]</label2>
					<onclick>$VAR[NoTopBarOnClickVar]</onclick>
					<texturenofocus border="1">separator5.png</texturenofocus>
				</control>
				<control type="button" id="1502">
					<include>ButtonCommonValues</include>
					<label>$LOCALIZE[31188]</label>
					<label2>[COLOR tomato]$VAR[DisableOverlayLabelVar][/COLOR]</label2>
					<onclick>$VAR[DisableOverlayOnclickVar]</onclick>
					<texturenofocus border="1">separator5.png</texturenofocus>
					<visible>[!IsEmpty(Skin.String(Overlay.Toggle)) | !Skin.HasSetting(Disable.Resumable)] + !Window.IsActive(musiclibrary) + !Window.IsActive(programs)</visible>
					<visible>[StringCompare(Window(home).Property(actualViewtype),Landscape) | StringCompare(Window(home).Property(actualViewtype),ShowCase) | StringCompare(Window(home).Property(actualViewtype),MyFlix) | StringCompare(Window(home).Property(actualViewtype),Icons) | StringCompare(Window(home).Property(actualViewtype),SmallIcons) | StringCompare(Window(home).Property(actualViewtype),Wall) | [StringCompare(Window(home).Property(actualViewtype),FullscreenWall) + [Container.Content(movies) | Container.Content(tvshows) | Container.Content(sets)]] | StringCompare(Window(home).Property(actualViewtype),InfoWall) | StringCompare(Window(home).Property(actualViewtype),BannerPlex) | StringCompare(Window(home).Property(actualViewtype),BannerWall) | StringCompare(Window(home).Property(actualViewtype),BigList) | StringCompare(Window(home).Property(actualViewtype),Shift) | StringCompare(Window(home).Property(actualViewtype),Posters)]</visible>
				</control>
				<control type="button" id="1501">
					<include>ButtonCommonValues</include>
					<label>$LOCALIZE[31255]</label>
					<label2>[COLOR tomato]$VAR[MediaflagsLayoutLabelVar][/COLOR]</label2>
					<onclick>$VAR[MediaflagsLayoutOnclickVar]</onclick>
					<texturenofocus border="1">separator5.png</texturenofocus>
					<visible>!Container.Content(genres) + !Container.Content(sets)</visible>
					<visible>StringCompare(Window(home).Property(actualViewtype),ShowCase) | [StringCompare(Window(home).Property(actualViewtype),Landscape) + !Window.IsActive(musiclibrary)] | [StringCompare(Window(home).Property(actualViewtype),Wall) + ![Container.Content(programs) | Container.Content(addons) | Window.IsActive(musiclibrary)]] | StringCompare(Window(home).Property(actualViewtype),Logo)</visible>
				</control>
				<control type="button" id="1503">
					<description>Show/Hide Floor</description>
					<include>ButtonCommonValues</include>
					<label>$LOCALIZE[31620]</label>
					<onclick>$VAR[ViewFloorOnClickVar]</onclick>
					<label2>[COLOR tomato]$VAR[ViewFloorLabelVar][/COLOR]</label2>
					<visible>StringCompare(Window(home).Property(actualViewtype),RightList) + !Window.IsActive(musiclibrary)</visible>
				</control>
				<control type="radiobutton" id="1504">
					<description>Alternate BigList layout</description>
					<include>ButtonCommonValues</include>
					<label>$LOCALIZE[31605]</label>
					<onclick>Skin.ToggleSetting(alternatebiglistlayout)</onclick>
					<selected>Skin.HasSetting(alternatebiglistlayout)</selected>
					<visible>StringCompare(Window(home).Property(actualViewtype),BigList)</visible>
				</control>
				<!-- RightList -->
				<control type="radiobutton" id="1510">
					<description>Alternate Layout</description>
					<include>ButtonCommonValues</include>
					<label>$LOCALIZE[31255]</label>
					<onclick>Skin.ToggleSetting(Disable.RightList.Mediaflags)</onclick>
					<selected>!Skin.HasSetting(Disable.RightList.Mediaflags)</selected>
					<visible>StringCompare(Window(home).Property(actualViewtype),RightList) + Container.Content(movies)</visible>
				</control>
				<control type="radiobutton" id="1511">
					<description>Alternate Layout</description>
					<include>ButtonCommonValues</include>
					<label>$LOCALIZE[31605]</label>
					<onclick>Skin.ToggleSetting(rightlistalternate)</onclick>
					<selected>Skin.HasSetting(rightlistalternate)</selected>
					<visible>StringCompare(Window(home).Property(actualViewtype),RightList) + Container.Content(movies)</visible>
				</control>
				<control type="radiobutton" id="1512">
					<description>Alternate TV Layout</description>
					<include>ButtonCommonValues</include>
					<label>$LOCALIZE[31605]</label>
					<onclick>Skin.ToggleSetting(rightlistalternatetv)</onclick>
					<selected>Skin.HasSetting(rightlistalternatetv)</selected>
					<visible>StringCompare(Window(home).Property(actualViewtype),RightList) + Container.Content(tvshows)</visible>
				</control>
				<control type="radiobutton" id="1513">
					<description>Alternate Season Layout</description>
					<include>ButtonCommonValues</include>
					<label>$LOCALIZE[31605]</label>
					<onclick>Skin.ToggleSetting(rightlistalternateseasons)</onclick>
					<selected>Skin.HasSetting(rightlistalternateseasons)</selected>
					<visible>StringCompare(Window(home).Property(actualViewtype),RightList) + Container.Content(seasons)</visible>
				</control>
				<control type="radiobutton" id="1514">
					<description>Alternate Episode Layout</description>
					<include>ButtonCommonValues</include>
					<label>$LOCALIZE[31605]</label>
					<onclick>Skin.ToggleSetting(rightlistalternateepisode)</onclick>
					<selected>Skin.HasSetting(rightlistalternateepisode)</selected>
					<visible>StringCompare(Window(home).Property(actualViewtype),RightList) + Container.Content(episodes)</visible>
				</control>
				<control type="radiobutton" id="1515">
					<description>Enable Logo</description>
					<include>ButtonCommonValues</include>
					<label>$LOCALIZE[31606]</label>
					<onclick>Skin.ToggleSetting(rightlistlogotv)</onclick>
					<selected>Skin.HasSetting(rightlistlogotv)</selected>
					<visible>StringCompare(Window(home).Property(actualViewtype),RightList) + [Container.Content(tvshows) | Container.Content(seasons) | Container.Content(episodes)]</visible>
				</control>
				<control type="radiobutton" id="1516">
					<description>Enable Logo</description>
					<include>ButtonCommonValues</include>
					<label>$LOCALIZE[31606]</label>
					<onclick>Skin.ToggleSetting(rightlistlogomovie)</onclick>
					<selected>Skin.HasSetting(rightlistlogomovie)</selected>
					<visible>StringCompare(Window(home).Property(actualViewtype),RightList) + Container.Content(movies)</visible>
				</control>
				<control type="radiobutton" id="1525">
					<description>Enable Artist Logo</description>
					<textwidth>375</textwidth>
					<include>ButtonCommonValues</include>
					<label>$LOCALIZE[31606]</label>
					<onclick>Skin.ToggleSetting(rightlistlogoartist)</onclick>
					<selected>Skin.HasSetting(rightlistlogoartist)</selected>
					<visible>[!System.HasAddon(script.skin.helper.service) + !IsEmpty(Skin.String(pathlogosartists)) | System.HasAddon(script.skin.helper.service)] + Window.IsActive(musiclibrary) + StringCompare(Window(home).Property(actualViewtype),RightList)</visible>
				</control>
				<control type="radiobutton" id="1517">
					<description>Enable Info</description>
					<include>ButtonCommonValues</include>
					<label>$LOCALIZE[31604]</label>
					<onclick>Skin.ToggleSetting(inforightlist)</onclick>
					<selected>Skin.HasSetting(inforightlist)</selected>
					<visible>StringCompare(Window(home).Property(actualViewtype),RightList) + [Container.Content(movies) | Container.Content(tvshows) | Container.Content(episodes)]</visible>
				</control>
				<control type="radiobutton" id="1526">
					<description>Enable InfoPopup</description>
					<include>ButtonCommonValues</include>
					<label>   - InfoPopup</label>
					<onclick>Skin.ToggleSetting(Enable.RightListInfoPopup)</onclick>
					<selected>Skin.HasSetting(Enable.RightListInfoPopup)</selected>
					<visible>StringCompare(Window(home).Property(actualViewtype),RightList) + Skin.HasSetting(inforightlist) + [Container.Content(movies) | Container.Content(tvshows) | Container.Content(episodes)]</visible>
				</control>
				<control type="radiobutton" id="1518">
					<description>Hide poster</description>
					<include>ButtonCommonValues</include>
					<label>$LOCALIZE[31152]</label>
					<onclick>Skin.ToggleSetting(Enable.Rightlist.HidePoster.movies)</onclick>
					<selected>!Skin.HasSetting(Enable.Rightlist.HidePoster.movies)</selected>
					<visible>StringCompare(Window(home).Property(actualViewtype),RightList) + Container.Content(movies)</visible>
				</control>
				<control type="radiobutton" id="1519">
					<description>Hide poster</description>
					<include>ButtonCommonValues</include>
					<label>$LOCALIZE[31152]</label>
					<onclick>Skin.ToggleSetting(Enable.Rightlist.HidePoster.tvshows)</onclick>
					<selected>!Skin.HasSetting(Enable.Rightlist.HidePoster.tvshows)</selected>
					<visible>StringCompare(Window(home).Property(actualViewtype),RightList) + Container.Content(tvshows)</visible>
				</control>
				<control type="radiobutton" id="1520">
					<description>Hide poster</description>
					<include>ButtonCommonValues</include>
					<label>$LOCALIZE[31152]</label>
					<onclick>Skin.ToggleSetting(Enable.Rightlist.HidePoster.seasons)</onclick>
					<selected>!Skin.HasSetting(Enable.Rightlist.HidePoster.seasons)</selected>
					<visible>StringCompare(Window(home).Property(actualViewtype),RightList) + Container.Content(seasons)</visible>
				</control>
				<control type="radiobutton" id="1521">
					<description>Hide poster</description>
					<include>ButtonCommonValues</include>
					<label>$LOCALIZE[31152]</label>
					<onclick>Skin.ToggleSetting(Enable.Rightlist.HidePoster.episodes)</onclick>
					<selected>!Skin.HasSetting(Enable.Rightlist.HidePoster.episodes)</selected>
					<visible>StringCompare(Window(home).Property(actualViewtype),RightList) + Container.Content(episodes)</visible>
				</control>
				<control type="radiobutton" id="1522">
					<description>Enable DiscArt</description>
					<include>ButtonCommonValues</include>
					<label>   - $LOCALIZE[31609]</label>
					<onclick>Skin.ToggleSetting(discrightlist)</onclick>
					<selected>Skin.HasSetting(discrightlist)</selected>
					<visible>StringCompare(Window(home).Property(actualViewtype),RightList) + [Container.Content(movies) + !Skin.HasSetting(Enable.Rightlist.HidePoster.movies)]</visible>
				</control>
				<control type="radiobutton" id="1524">
					<description>Enable RightList Covers</description>
					<include>ButtonCommonValues</include>
					<label>   - $LOCALIZE[31608]</label>
					<onclick>Skin.ToggleSetting(rightlistcovers)</onclick>
					<selected>Skin.HasSetting(rightlistcovers)</selected>
					<visible>StringCompare(Window(home).Property(actualViewtype),RightList) + [Container.Content(movies) + !Skin.HasSetting(Enable.Rightlist.HidePoster.movies)] | [StringCompare(Window(home).Property(actualViewtype),RightList) + Container.Content(episodes) + !Skin.HasSetting(Enable.Rightlist.HidePoster.episodes)] | StringCompare(Window(home).Property(actualViewtype),RightList) + [Container.Content(tvshows) | Container.Content(seasons)]</visible>
				</control>
				<!-- LowList -->
				<control type="radiobutton" id="1530">
					<description>Enable Logo LowList</description>
					<include>ButtonCommonValues</include>
					<label>$LOCALIZE[31606]</label>
					<onclick>Skin.ToggleSetting(highlistlogo)</onclick>
					<selected>Skin.HasSetting(highlistlogo)</selected>
					<visible>StringCompare(Window(home).Property(actualViewtype),LowList) + !Skin.HasSetting(nohighlist) + !Window.IsActive(musiclibrary)</visible>
				</control>
				<control type="radiobutton" id="1531">
					<description>Enable Logo High LowList</description>
					<include>ButtonCommonValues</include>
					<label>$LOCALIZE[31606]</label>
					<onclick>Skin.ToggleSetting(lowlistlogo)</onclick>
					<selected>Skin.HasSetting(lowlistlogo)</selected>
					<visible>StringCompare(Window(home).Property(actualViewtype),LowList) + Skin.HasSetting(nohighlist) + !Window.IsActive(musiclibrary)</visible>
				</control>
				<control type="radiobutton" id="1532">
					<description>Enable DiscArt</description>
					<include>ButtonCommonValues</include>
					<label>$LOCALIZE[31609]</label>
					<onclick>Skin.ToggleSetting(disclowlist)</onclick>
					<selected>Skin.HasSetting(disclowlist)</selected>
					<visible>StringCompare(Window(home).Property(actualViewtype),LowList) + Container.Content(movies)</visible>
				</control>
				<control type="radiobutton" id="1533">
					<description>Enable LowList Covers</description>
					<include>ButtonCommonValues</include>
					<label>$LOCALIZE[31608]</label>
					<onclick>Skin.ToggleSetting(togglelowlistcovers)</onclick>
					<selected>Skin.HasSetting(togglelowlistcovers)</selected>
					<visible>StringCompare(Window(home).Property(actualViewtype),LowList) + [Container.Content(movies) | Container.Content(tvshows) | Container.Content(seasons)]</visible>
				</control>
				<control type="radiobutton" id="1534">
					<description>Enable IMDb</description>
					<include>ButtonCommonValues</include>
					<label>$LOCALIZE[31150]</label>
					<onclick>Skin.ToggleSetting(lowlistimdblogo)</onclick>
					<selected>Skin.HasSetting(lowlistimdblogo)</selected>
					<visible>StringCompare(Window(home).Property(actualViewtype),LowList) + Container.Content(movies)</visible>
				</control>
				<control type="radiobutton" id="1535">
					<description>Enable Sliding Movie Set Discart</description>
					<include>ButtonCommonValues</include>
					<label>$LOCALIZE[31979]</label>
					<onclick>Skin.ToggleSetting(Enable.LowList.SlidingMovieSetDiscart)</onclick>
					<selected>Skin.HasSetting(Enable.LowList.SlidingMovieSetDiscart)</selected>
					<visible>StringCompare(Window(home).Property(actualViewtype),LowList) + [Container.Content(movies) | Container.Content(sets)]</visible>
				</control>
				<control type="radiobutton" id="1536">
					<description>Enable Logo LowList</description>
					<include>ButtonCommonValues</include>
					<label>$LOCALIZE[31606]</label>
					<onclick>Skin.ToggleSetting(Enable.LowListArtistLogo)</onclick>
					<selected>Skin.HasSetting(Enable.LowListArtistLogo)</selected>
					<visible>StringCompare(Window(home).Property(actualViewtype),LowList) + Window.IsActive(musiclibrary)</visible>
				</control>
				<!-- ShowCase -->
				<control type="radiobutton" id="1540">
					<description>No CoverFlow</description>
					<include>ButtonCommonValues</include>
					<label>$LOCALIZE[20411]</label>
					<onclick>Skin.ToggleSetting(noshowcaseflow)</onclick>
					<selected>Skin.HasSetting(noshowcaseflow)</selected>
					<visible>StringCompare(Window(home).Property(actualViewtype),ShowCase)</visible>
				</control>
				<control type="radiobutton" id="1541">
					<include>ButtonCommonValues</include>
					<label>$LOCALIZE[31606]</label>
					<onclick>Skin.ToggleSetting(Enable.ShowCase.Logo)</onclick>
					<selected>Skin.HasSetting(Enable.ShowCase.Logo)</selected>
					<visible>StringCompare(Window(home).Property(actualViewtype),ShowCase) + !Container.Content(episodes) + !Container.Content(seasons) + !Container.Content(genres)</visible>
				</control>
				<control type="radiobutton" id="1552">
					<description>Enable ShowCase Movies Floor Info</description>
					<include>ButtonCommonValues</include>
					<label>$LOCALIZE[31604]</label>
					<onclick>Skin.ToggleSetting(Enable.ShowCase.FloorInfo.movies)</onclick>
					<selected>Skin.HasSetting(Enable.ShowCase.FloorInfo.movies)</selected>
					<visible>StringCompare(Window(home).Property(actualViewtype),ShowCase) + [Container.Content(movies) | Container.Content(sets)] + !Skin.HasSetting(Enable.ShowCase.Logo)</visible>
				</control>
				<control type="radiobutton" id="1542">
					<include>ButtonCommonValues</include>
					<label>   - $LOCALIZE[515]</label>
					<onclick>Skin.ToggleSetting(Enable.ShowCase.MovieGenre)</onclick>
					<selected>Skin.HasSetting(Enable.ShowCase.MovieGenre)</selected>)
					<texturenofocus border="1">separator5.png</texturenofocus>
					<visible>StringCompare(Window(home).Property(actualViewtype),ShowCase) + Container.Content(movies) + !Skin.HasSetting(Enable.ShowCase.Logo) + Skin.HasSetting(Enable.ShowCase.FloorInfo.movies)</visible>
				</control>
				<control type="radiobutton" id="1551">
					<description>Enable ShowCase TV Shows Floor Info</description>
					<include>ButtonCommonValues</include>
					<label>$LOCALIZE[31604]</label>
					<onclick>Skin.ToggleSetting(Enable.ShowCase.FloorInfo.tvshows)</onclick>
					<selected>Skin.HasSetting(Enable.ShowCase.FloorInfo.tvshows)</selected>
					<visible>StringCompare(Window(home).Property(actualViewtype),ShowCase) + Container.Content(tvshows) + !Skin.HasSetting(Enable.ShowCase.Logo)</visible>
				</control>
				<control type="radiobutton" id="1543">
					<include>ButtonCommonValues</include>
					<label>   - $LOCALIZE[515]</label>
					<onclick>Skin.ToggleSetting(Enable.ShowCase.TVShowGenre)</onclick>
					<selected>Skin.HasSetting(Enable.ShowCase.TVShowGenre)</selected>)
					<texturenofocus border="1">separator5.png</texturenofocus>
					<visible>StringCompare(Window(home).Property(actualViewtype),ShowCase) + Container.Content(tvshows) + !Skin.HasSetting(Enable.ShowCase.Logo) + Skin.HasSetting(Enable.ShowCase.FloorInfo.tvshows)</visible>
				</control>
				<control type="radiobutton" id="1550">
					<description>Enable ShowCase Season Floor Info</description>
					<include>ButtonCommonValues</include>
					<label>$LOCALIZE[31604]</label>
					<onclick>Skin.ToggleSetting(Enable.ShowCase.FloorInfo.seasons)</onclick>
					<selected>Skin.HasSetting(Enable.ShowCase.FloorInfo.seasons)</selected>
					<visible>StringCompare(Window(home).Property(actualViewtype),ShowCase) + Container.Content(seasons)</visible>
				</control>
				<control type="radiobutton" id="1544">
					<include>ButtonCommonValues</include>
					<label>   - $LOCALIZE[515]</label>
					<onclick>Skin.ToggleSetting(Enable.ShowCase.SeasonGenre)</onclick>
					<selected>Skin.HasSetting(Enable.ShowCase.SeasonGenre)</selected>)
					<texturenofocus border="1">separator5.png</texturenofocus>
					<visible>StringCompare(Window(home).Property(actualViewtype),ShowCase) + Container.Content(seasons) + Skin.HasSetting(Enable.ShowCase.FloorInfo.seasons)</visible>
				</control>
				<control type="radiobutton" id="1545">
					<description>Enable ShowCase Covers</description>
					<include>ButtonCommonValues</include>
					<label>$LOCALIZE[31608]</label>
					<onclick>Skin.ToggleSetting(Enable.ShowCase.Covers)</onclick>
					<selected>Skin.HasSetting(Enable.ShowCase.Covers)</selected>
					<visible>StringCompare(Window(home).Property(actualViewtype),ShowCase) + [Container.Content(movies) | Container.Content(sets) | Container.Content(tvshows) | Container.Content(seasons)]</visible>
				</control>
				<control type="radiobutton" id="1546">
					<include>ButtonCommonValues</include>
					<label>$LOCALIZE[31966]</label>
					<onclick>Skin.ToggleSetting(showcasemod)</onclick>
					<onclick condition="!System.HasAddon(script.skin.info.service)">Notification($LOCALIZE[19098]:,Install skin.info.service for full functionality,7000,icon.png)</onclick>
					<onclick condition="IsEmpty(Skin.String(Showcase.Delay))">Skin.SetString(Showcase.Delay,2)</onclick>
					<selected>Skin.HasSetting(showcasemod)</selected>
					<texturenofocus border="1">separator5.png</texturenofocus>
					<visible>StringCompare(Window(home).Property(actualViewtype),ShowCase) + [Container.Content(movies) | Container.Content(sets)]</visible>
				</control>
				<control type="radiobutton" id="1547">
					<include>ButtonCommonValues</include>
					<label>$LOCALIZE[31965]</label>
					<onclick>Skin.ToggleSetting(boxsetmod)</onclick>
					<onclick condition="!System.HasAddon(script.skin.info.service)">Notification($LOCALIZE[19098]:,Install skin.info.service for full functionality,7000,icon.png)</onclick>
					<selected>Skin.HasSetting(boxsetmod)</selected>
					<onclick condition="IsEmpty(Skin.String(Showcase.Delay))">Skin.SetString(Showcase.Delay,2)</onclick>
					<texturenofocus border="1">separator5.png</texturenofocus>
					<visible>StringCompare(Window(home).Property(actualViewtype),ShowCase) + [Container.Content(movies) | Container.Content(sets)]</visible>
				</control>
				<control type="radiobutton" id="1548">
					<description>Disable Boxset Brochure</description>
					<include>ButtonCommonValues</include>
					<label>   - $LOCALIZE[31256]</label>
					<onclick>Skin.ToggleSetting(Disable.BoxsetBrochure)</onclick>
					<selected>!Skin.HasSetting(Disable.BoxsetBrochure)</selected>
					<visible>StringCompare(Window(home).Property(actualViewtype),ShowCase) + [Container.Content(movies) | Container.Content(sets)] + Skin.HasSetting(boxsetmod)</visible>
				</control>
				<control type="button" id="1549">
					<include>ButtonCommonValues</include>
					<label>   - $LOCALIZE[31973]</label>
					<label2>[COLOR tomato]$VAR[ShowcaseDelayLocalizeVar][/COLOR]</label2>
					<onclick>$VAR[ShowcaseModDelayOnClickVar]</onclick>
					<texturenofocus border="1">separator5.png</texturenofocus>
					<visible>StringCompare(Window(home).Property(actualViewtype),ShowCase) + [Container.Content(movies) | Container.Content(sets)] + [Skin.HasSetting(showcasemod) | Skin.HasSetting(boxsetmod)]</visible>
				</control>
				<!-- Logo -->
				<control type="radiobutton" id="1560">
					<include>ButtonCommonValues</include>
					<label>$LOCALIZE[31156]</label>
					<onclick>Skin.ToggleSetting(Enable.Logo.clearart)</onclick>
					<selected>Skin.HasSetting(Enable.Logo.clearart)</selected>
					<texturenofocus border="1">separator5.png</texturenofocus>
					<visible>StringCompare(Window(home).Property(actualViewtype),Logo) + [Container.Content(movies) | Container.Content(tvshows)]</visible>
				</control>
				<control type="radiobutton" id="1561">
					<include>ButtonCommonValues</include>
					<label>$LOCALIZE[31604]</label>
					<onclick>Skin.ToggleSetting(noextendedinfomovies)</onclick>
					<selected>Skin.HasSetting(noextendedinfomovies)</selected>
					<texturenofocus border="1">separator5.png</texturenofocus>
					<visible>StringCompare(Window(home).Property(actualViewtype),Logo) + Container.Content(movies)</visible>
				</control>
				<control type="radiobutton" id="1565">
					<description>Enable movie set list</description>
					<include>ButtonCommonValues</include>
					<label>$LOCALIZE[31257]</label>
					<onclick>Skin.ToggleSetting(Enable.Logo.MovieSetList)</onclick>
					<selected>Skin.HasSetting(Enable.Logo.MovieSetList)</selected>
					<visible>StringCompare(Window(home).Property(actualViewtype),Logo) + Container.Content(movies)</visible>
				</control>
				<control type="radiobutton" id="1562">
					<include>ButtonCommonValues</include>
					<label>$LOCALIZE[31604]</label>
					<onclick>Skin.ToggleSetting(noextendedinfotvshows)</onclick>
					<selected>Skin.HasSetting(noextendedinfotvshows)</selected>
					<texturenofocus border="1">separator5.png</texturenofocus>
					<visible>StringCompare(Window(home).Property(actualViewtype),Logo) + Container.Content(tvshows)</visible>
				</control>
				<control type="radiobutton" id="1563">
					<description>Enable IMDb logo</description>
					<include>ButtonCommonValues</include>
					<label>$LOCALIZE[31150]</label>
					<onclick>Skin.ToggleSetting(imdblogo)</onclick>
					<selected>Skin.HasSetting(imdblogo)</selected>
					<visible>StringCompare(Window(home).Property(actualViewtype),Logo) + Container.Content(movies)</visible>
				</control>
				<control type="radiobutton" id="1564">
					<description>Enable Oscar logo</description>
					<include>ButtonCommonValues</include>
					<label>$LOCALIZE[31611]</label>
					<onclick>Skin.ToggleSetting(oscarlogo)</onclick>
					<selected>Skin.HasSetting(oscarlogo)</selected>
					<visible>StringCompare(Window(home).Property(actualViewtype),Logo) + Container.Content(movies)</visible>
				</control>
				<!-- Shift -->
				<control type="radiobutton" id="1570">
					<description>Small Shift View</description>
					<include>ButtonCommonValues</include>
					<label>$LOCALIZE[31610]</label>
					<onclick>Skin.ToggleSetting(Enable.Shift.Small)</onclick>
					<selected>Skin.HasSetting(Enable.Shift.Small)</selected>
					<visible>StringCompare(Window(home).Property(actualViewtype),Shift) + !Window.IsActive(musiclibrary)</visible>
				</control>
				<control type="radiobutton" id="1571">
					<description>Enable covers</description>
					<include>ButtonCommonValues</include>
					<label>$LOCALIZE[31608]</label>
					<onclick>Skin.ToggleSetting(Enable.Shift.Covers)</onclick>
					<selected>Skin.HasSetting(Enable.Shift.Covers)</selected>
					<visible>StringCompare(Window(home).Property(actualViewtype),Shift) + [Container.Content(movies) | Container.Content(tvshows) | Container.Content(seasons)]</visible>
				</control>
				<control type="radiobutton" id="1572">
					<description>Enable Shift Discart</description>
					<include>ButtonCommonValues</include>
					<label>$LOCALIZE[31609]</label>
					<onclick>Skin.ToggleSetting(Enable.Shift.Discart)</onclick>
					<selected>Skin.HasSetting(Enable.Shift.Discart)</selected>
					<visible>[StringCompare(Window(home).Property(actualViewtype),Shift) + Container.Content(movies) + !Skin.HasSetting(Enable.Shift.Small)]</visible>
				</control>
				<control type="radiobutton" id="1573">
					<description>Enable Shift IMDb</description>
					<include>ButtonCommonValues</include>
					<label>$LOCALIZE[31150]</label>
					<onclick>Skin.ToggleSetting(Enable.Shift.IMDb)</onclick>
					<selected>Skin.HasSetting(Enable.Shift.IMDb)</selected>
					<visible>StringCompare(Window(home).Property(actualViewtype),Shift) + Container.Content(movies)</visible>
				</control>
				<!-- Wall -->
				<control type="radiobutton" id="1589">
					<description>Enable Wall Floor Info</description>
					<include>ButtonCommonValues</include>
					<label>$LOCALIZE[31604]</label>
					<onclick>Skin.ToggleSetting(Enable.Wall.FloorInfo.programs)</onclick>
					<selected>Skin.HasSetting(Enable.Wall.FloorInfo.programs)</selected>
					<visible>StringCompare(Window(home).Property(actualViewtype),Wall) + [Container.Content(programs) | Container.Content(addons)]</visible>
				</control>
				<control type="radiobutton" id="1580">
					<description>Enable Wall Cases</description>
					<include>ButtonCommonValues</include>
					<label>$LOCALIZE[31608]</label>
					<onclick>Skin.ToggleSetting(Enable.Wall.Cases)</onclick>
					<selected>Skin.HasSetting(Enable.Wall.Cases)</selected>
					<visible>StringCompare(Window(home).Property(actualViewtype),Wall) + [Container.Content(movies) | Container.Content(tvshows) | Container.Content(seasons)]</visible>
				</control>
				<control type="radiobutton" id="1588">
					<include>ButtonCommonValues</include>
					<label>$LOCALIZE[31606]</label>
					<onclick>Skin.ToggleSetting(Enable.Wall.Logo)</onclick>
					<selected>Skin.HasSetting(Enable.Wall.Logo)</selected>)
					<texturenofocus border="1">separator5.png</texturenofocus>
					<visible>StringCompare(Window(home).Property(actualViewtype),Wall) + [Container.Content(movies) | Container.Content(tvshows)]</visible>
				</control>
				<control type="radiobutton" id="1581">
					<description>Enable Wall Floor Info</description>
					<include>ButtonCommonValues</include>
					<label>$LOCALIZE[31604]</label>
					<onclick>Skin.ToggleSetting(Enable.Wall.FloorInfo.movies)</onclick>
					<selected>Skin.HasSetting(Enable.Wall.FloorInfo.movies)</selected>
					<visible>StringCompare(Window(home).Property(actualViewtype),Wall) + Container.Content(movies) + !Skin.HasSetting(Enable.Wall.Logo)</visible>
				</control>
				<control type="radiobutton" id="1582">
					<description>Enable Wall Floor Info</description>
					<include>ButtonCommonValues</include>
					<label>$LOCALIZE[31604]</label>
					<onclick>Skin.ToggleSetting(Enable.Wall.FloorInfo.tvshows)</onclick>
					<selected>Skin.HasSetting(Enable.Wall.FloorInfo.tvshows)</selected>
					<visible>StringCompare(Window(home).Property(actualViewtype),Wall) + Container.Content(tvshows) + !Skin.HasSetting(Enable.Wall.Logo)</visible>
				</control>
				<control type="radiobutton" id="1583">
					<description>Enable Wall Floor Info</description>
					<include>ButtonCommonValues</include>
					<label>$LOCALIZE[31604]</label>
					<onclick>Skin.ToggleSetting(Enable.Wall.FloorInfo.seasons)</onclick>
					<selected>Skin.HasSetting(Enable.Wall.FloorInfo.seasons)</selected>
					<visible>StringCompare(Window(home).Property(actualViewtype),Wall) + Container.Content(seasons)</visible>
				</control>
				<control type="radiobutton" id="1584">
					<description>Enable Wall Floor</description>
					<include>ButtonCommonValues</include>
					<label>$LOCALIZE[31604]</label>
					<onclick>Skin.ToggleSetting(Enable.Wall.AlbumLabels)</onclick>
					<selected>Skin.HasSetting(Enable.Wall.AlbumLabels)</selected>
					<visible>StringCompare(Window(home).Property(actualViewtype),Wall) + Container.Content(albums)</visible>
				</control>
				<control type="radiobutton" id="1585">
					<include>ButtonCommonValues</include>
					<label>   - $LOCALIZE[515]</label>
					<onclick>Skin.ToggleSetting(Enable.Wall.MovieGenre)</onclick>
					<selected>Skin.HasSetting(Enable.Wall.MovieGenre)</selected>)
					<texturenofocus border="1">separator5.png</texturenofocus>
					<visible>StringCompare(Window(home).Property(actualViewtype),Wall) + Container.Content(movies) + !Skin.HasSetting(Enable.Wall.Logo) + Skin.HasSetting(Enable.Wall.FloorInfo.movies)</visible>
				</control>
				<control type="radiobutton" id="1586">
					<include>ButtonCommonValues</include>
					<label>   - $LOCALIZE[515]</label>
					<onclick>Skin.ToggleSetting(Enable.Wall.TVShowGenre)</onclick>
					<selected>Skin.HasSetting(Enable.Wall.TVShowGenre)</selected>)
					<texturenofocus border="1">separator5.png</texturenofocus>
					<visible>StringCompare(Window(home).Property(actualViewtype),Wall) + Container.Content(tvshows) + !Skin.HasSetting(Enable.Wall.Logo)</visible>
				</control>
				<control type="radiobutton" id="1587">
					<include>ButtonCommonValues</include>
					<label>   - $LOCALIZE[515]</label>
					<onclick>Skin.ToggleSetting(Enable.Wall.SeasonGenre)</onclick>
					<selected>Skin.HasSetting(Enable.Wall.SeasonGenre)</selected>)
					<texturenofocus border="1">separator5.png</texturenofocus>
					<visible>StringCompare(Window(home).Property(actualViewtype),Wall) + Container.Content(seasons) + Skin.HasSetting(Enable.Wall.FloorInfo.seasons)</visible>
				</control>
				<!-- MyFlix -->
				<control type="radiobutton" id="1590">
					<include>ButtonCommonValues</include>
					<label>$LOCALIZE[31606]</label>
					<onclick>Skin.ToggleSetting(Enable.MyFlix.MovieLogo)</onclick>
					<selected>Skin.HasSetting(Enable.MyFlix.MovieLogo)</selected>
					<visible>StringCompare(Window(home).Property(actualViewtype),MyFlix) + Container.Content(movies)</visible>
				</control>
				<control type="radiobutton" id="1595">
					<include>ButtonCommonValues</include>
					<label>$LOCALIZE[31606]</label>
					<onclick>Skin.ToggleSetting(Enable.MyFlix.TVLogo)</onclick>
					<selected>Skin.HasSetting(Enable.MyFlix.TVLogo)</selected>
					<visible>StringCompare(Window(home).Property(actualViewtype),MyFlix) + Container.Content(tvshows)</visible>
				</control>
				<control type="radiobutton" id="1596">
					<include>ButtonCommonValues</include>
					<label>$LOCALIZE[31606]</label>
					<onclick>Skin.ToggleSetting(Enable.MyFlix.EpisodeLogo)</onclick>
					<selected>Skin.HasSetting(Enable.MyFlix.EpisodeLogo)</selected>
					<visible>StringCompare(Window(home).Property(actualViewtype),MyFlix) + Container.Content(episodes)</visible>
				</control>
				<control type="radiobutton" id="1597">
					<include>ButtonCommonValues</include>
					<label>$LOCALIZE[31604]</label>
					<onclick>Skin.ToggleSetting(Disable.MyFlixInfo)</onclick>
					<selected>!Skin.HasSetting(Disable.MyFlixInfo)</selected>
					<visible>StringCompare(Window(home).Property(actualViewtype),MyFlix)</visible>
				</control>
				<control type="radiobutton" id="1591">
					<description>Enable MyFlix Cases</description>
					<include>ButtonCommonValues</include>
					<label>$LOCALIZE[31608]</label>
					<onclick>Skin.ToggleSetting(Enable.MyFlix.Cases)</onclick>
					<onclick condition="Skin.HasSEtting(Enable.MyFlix.OpenCase)">Skin.ToggleSetting(Enable.MyFlix.OpenCase)</onclick>
					<selected>Skin.HasSetting(Enable.MyFlix.Cases)</selected>
					<visible>StringCompare(Window(home).Property(actualViewtype),MyFlix) + [Container.Content(movies) | Container.Content(sets) | Container.Content(tvshows) | Container.Content(seasons)]</visible>
				</control>
				<control type="radiobutton" id="1592">
					<include>ButtonCommonValues</include>
					<label>$LOCALIZE[31966]</label>
					<onclick>Skin.ToggleSetting(Enable.MyFlix.OpenCase)</onclick>
					<onclick condition="!Skin.HasSEtting(Enable.MyFlix.OpenCase) + !Skin.HasSetting(Enable.MyFlix.Cases)">Skin.ToggleSetting(Enable.MyFlix.Cases)</onclick>
					<onclick condition="IsEmpty(Skin.String(MyFlix.Delay))">Skin.SetString(MyFlix.Delay,2)</onclick>
					<selected>Skin.HasSetting(Enable.MyFlix.OpenCase)</selected>
					<visible>StringCompare(Window(home).Property(actualViewtype),MyFlix) + Container.Content(movies)</visible>
				</control>
				<control type="button" id="1593">
					<include>ButtonCommonValues</include>
					<label>   - $LOCALIZE[31973]</label>
					<label2>[COLOR tomato]$VAR[MyFlixDelayLocalizeVar][/COLOR]</label2>
					<onclick>$VAR[MyFlixModDelayOnClickVar]</onclick>
					<texturenofocus border="1">separator5.png</texturenofocus>
					<visible>StringCompare(Window(home).Property(actualViewtype),MyFlix) + Container.Content(movies) + Skin.HasSetting(Enable.MyFlix.OpenCase)</visible>
				</control>
				<control type="radiobutton" id="1594">
					<include>ButtonCommonValues</include>
					<label>$LOCALIZE[31076]</label>
					<onclick>Skin.ToggleSetting(Enable.MyFlix.TVLandscape)</onclick>
					<selected>Skin.HasSetting(Enable.MyFlix.TVLandscape)</selected>
					<visible>StringCompare(Window(home).Property(actualViewtype),MyFlix) + Container.Content(tvshows)</visible>
				</control>
				<!-- Landscape -->
				<control type="radiobutton" id="1616">
					<description>Enable Landscape No Flow</description>
					<include>ButtonCommonValues</include>
					<label>$LOCALIZE[20411]</label>
					<onclick>Skin.ToggleSetting(Enable.LandscapeNoFlow)</onclick>
					<selected>Skin.HasSetting(Enable.LandscapeNoFlow)</selected>
					<visible>StringCompare(Window(home).Property(actualViewtype),Landscape)</visible>
				</control>
				<control type="radiobutton" id="1615">
					<description>Enable Landscape Next Aired</description>
					<include>ButtonCommonValues</include>
					<label>$LOCALIZE[31234]</label>
					<onclick>Skin.ToggleSetting(Disable.Landscape.NextAired.episodes)</onclick>
					<selected>!Skin.HasSetting(Disable.Landscape.NextAired.episodes)</selected>
					<visible>StringCompare(Window(home).Property(actualViewtype),Landscape) + Container.Content(episodes)</visible>
				</control>
				<control type="radiobutton" id="1610">
					<include>ButtonCommonValues</include>
					<label>$LOCALIZE[31606]</label>
					<onclick>Skin.ToggleSetting(Enable.Landscape.Logo)</onclick>
					<selected>Skin.HasSetting(Enable.Landscape.Logo)</selected>
					<visible>StringCompare(Window(home).Property(actualViewtype),Landscape) + !Container.Content(episodes) + !Container.Content(seasons) + !Container.Content(genres) + !Window.IsActive(musiclibrary)</visible>
				</control>
				<control type="radiobutton" id="1611">
					<include>ButtonCommonValues</include>
					<label>$LOCALIZE[515]</label>
					<onclick>Skin.ToggleSetting(Enable.Landscape.MovieGenre)</onclick>
					<selected>Skin.HasSetting(Enable.Landscape.MovieGenre)</selected>)
					<texturenofocus border="1">separator5.png</texturenofocus>
					<visible>StringCompare(Window(home).Property(actualViewtype),Landscape) + Container.Content(movies) + !Skin.HasSetting(Enable.Landscape.Logo)</visible>
				</control>
				<control type="radiobutton" id="1612">
					<include>ButtonCommonValues</include>
					<label>$LOCALIZE[515]</label>
					<onclick>Skin.ToggleSetting(Enable.Landscape.TVShowGenre)</onclick>
					<selected>Skin.HasSetting(Enable.Landscape.TVShowGenre)</selected>)
					<texturenofocus border="1">separator5.png</texturenofocus>
					<visible>StringCompare(Window(home).Property(actualViewtype),Landscape) + Container.Content(tvshows) + !Skin.HasSetting(Enable.Landscape.Logo)</visible>
				</control>
				<control type="radiobutton" id="1614">
					<description>Enable Landscape Floor Info</description>
					<include>ButtonCommonValues</include>
					<label>$LOCALIZE[31604]</label>
					<onclick>Skin.ToggleSetting(Enable.Landscape.FloorInfo.episodes)</onclick>
					<selected>Skin.HasSetting(Enable.Landscape.FloorInfo.episodes)</selected>
					<visible>StringCompare(Window(home).Property(actualViewtype),Landscape) + Container.Content(episodes)</visible>
				</control>
				<!-- InfoWall -->
				<control type="radiobutton" id="1618">
					<description>Enable InfoWall Banners</description>
					<include>ButtonCommonValues</include>
					<label>Banners</label>
					<onclick>Skin.ToggleSetting(Enable.InfoWall.Banners)</onclick>
					<selected>Skin.HasSetting(Enable.InfoWall.Banners)</selected>
					<visible>StringCompare(Window(home).Property(actualViewtype),InfoWall) + !Window.IsActive(musiclibrary)</visible>
				</control>
				<control type="radiobutton" id="1619">
					<description>Alternate InfoWall layout</description>
					<include>ButtonCommonValues</include>
					<label>$LOCALIZE[31605]</label>
					<onclick>Skin.ToggleSetting(Enable.AlternateInfowall)</onclick>
					<selected>Skin.HasSetting(Enable.AlternateInfowall)</selected>
					<visible>StringCompare(Window(home).Property(actualViewtype),InfoWall)</visible>
				</control>
				<!-- Fullscreen Wall -->
				<control type="radiobutton" id="1630">
					<description>Alternate FullscreenWall layout</description>
					<include>ButtonCommonValues</include>
					<label>Smaller posters</label>
					<onclick>Skin.ToggleSetting(Enable.SmallerFullscreenWallPosters)</onclick>
					<selected>Skin.HasSetting(Enable.SmallerFullscreenWallPosters)</selected>
					<visible>StringCompare(Window(home).Property(actualViewtype),FullscreenWall) + !Window.IsActive(musiclibrary)</visible>
				</control>
				<control type="radiobutton" id="1631">
					<description>Movie Information on Focus</description>
					<include>ButtonCommonValues</include>
					<label>InfoPopup</label>
					<onclick>Skin.ToggleSetting(Enable.FullscreenWallInfoPopup)</onclick>
					<selected>Skin.HasSetting(Enable.FullscreenWallInfoPopup)</selected>
					<visible>StringCompare(Window(home).Property(actualViewtype),FullscreenWall) + !Window.IsActive(musiclibrary)</visible>
				</control>
				<!-- BannerWall -->
				<control type="radiobutton" id="1640">
					<description>BannerWall Toggle</description>
					<include>ButtonCommonValues</include>
					<label>$LOCALIZE[31604]</label>
					<onclick>Skin.ToggleSetting(Disable.BannerWallInfo)</onclick>
					<onclick>ReloadSkin()</onclick>
					<selected>!Skin.HasSetting(Disable.BannerWallInfo)</selected>
					<visible>StringCompare(Window(home).Property(actualViewtype),BannerWall)</visible>
				</control>
				<control type="radiobutton" id="1641">
					<description>Enable Icons InfoPopup</description>
					<include>ButtonCommonValues</include>
					<label>InfoPopup</label>
					<onclick>Skin.ToggleSetting(Enable.BannerWallInfoPopup)</onclick>
					<selected>Skin.HasSetting(Enable.BannerWallInfoPopup)</selected>
					<visible>StringCompare(Window(home).Property(actualViewtype),BannerWall) + Skin.HasSetting(Disable.BannerWallInfo) + [Container.Content(movies) | Container.Content(tvshows)]</visible>
				</control>
				<!-- Icons -->
				<control type="radiobutton" id="1650">
					<description>Enable Icons InfoPopup</description>
					<include>ButtonCommonValues</include>
					<label>InfoPopup</label>
					<onclick>Skin.ToggleSetting(Enable.IconsInfoPopup)</onclick>
					<selected>Skin.HasSetting(Enable.IconsInfoPopup)</selected>
					<visible>StringCompare(Window(home).Property(actualViewtype),Icons) + [Container.Content(movies) | Container.Content(tvshows)]</visible>
				</control>
				<!-- Small Icons -->
				<control type="radiobutton" id="1660">
					<description>Enable Icons InfoPopup</description>
					<include>ButtonCommonValues</include>
					<label>InfoPopup</label>
					<onclick>Skin.ToggleSetting(Enable.SmallIconsInfoPopup)</onclick>
					<selected>Skin.HasSetting(Enable.SmallIconsInfoPopup)</selected>
					<visible>StringCompare(Window(home).Property(actualViewtype),SmallIcons) + [Container.Content(movies) | Container.Content(tvshows)]</visible>
				</control>
				<control type="togglebutton" id="1505">
					<description>Enable HD/SD/3D Indicators</description>
					<include>ButtonCommonValues</include>
					<label>$LOCALIZE[31607]</label>
					<onclick condition="StringCompare(Window(home).Property(actualViewtype),FanartList) + Container.Content(episodes)">Skin.ToggleSetting(noindicatorfanartlistepisodes)</onclick>
					<onclick condition="StringCompare(Window(home).Property(actualViewtype),FanartList) + Container.Content(movies)">Skin.ToggleSetting(noindicatorfanartlistmovies)</onclick>
					<onclick condition="StringCompare(Window(home).Property(actualViewtype),Landscape)">Skin.ToggleSetting(noindicatorlandscape)</onclick>
					<onclick condition="StringCompare(Window(home).Property(actualViewtype),ShowCase)">Skin.ToggleSetting(noindicatorshowcase)</onclick>
					<onclick condition="StringCompare(Window(home).Property(actualViewtype),Gallery) + Container.Content(movies)">Skin.ToggleSetting(noindicatorgallerymovies)</onclick>
					<onclick condition="StringCompare(Window(home).Property(actualViewtype),BigList) + Container.Content(movies)">Skin.ToggleSetting(noindicatorbiglist)</onclick>
					<onclick condition="StringCompare(Window(home).Property(actualViewtype),BigList) + Container.Content(episodes)">Skin.ToggleSetting(noindicatorbiglistepisode)</onclick>
					<visible>[StringCompare(Window(home).Property(actualViewtype),FanartList) | StringCompare(Window(home).Property(actualViewtype),BigList) + [Container.Content(movies) | Container.Content(episodes)]] | [StringCompare(Window(home).Property(actualViewtype),Gallery) + Container.Content(movies)] | [[Container.Content(movies) | Container.Content(episodes)] + [StringCompare(Window(home).Property(actualViewtype),Landscape) + !Skin.HasSetting(Enable.Landscape.Logo)] | [StringCompare(Window(home).Property(actualViewtype),ShowCase) + !Skin.HasSetting(Enable.ShowCase.Logo) + Skin.HasSetting(Enable.ShowCase.FloorInfo.movies)]]</visible>
					<visible>!Container.Content(tvshows) + !Container.Content(seasons) + !Container.Content(genres) + !Container.Content(sets)</visible>
				</control>
			</control>
		</control>
		<control type="button" id="9012">
			<visible>!Skin.HasSetting(KioskMode.Enabled)</visible>
			<top>1030</top>
			<width>400</width>
			<align>center</align>
			<textoffsetx>30</textoffsetx>
			<font>IconMedium</font>
			<label></label>
			<focusedcolor>tomato</focusedcolor>
			<texturefocus>-</texturefocus>
			<onup>9011</onup>
			<ondown>1500</ondown>
			<onleft>Dialog.Close(1131)</onleft>
			<onright>Dialog.Close(1131)</onright>
			<onclick>ActivateWindow(1141)</onclick>
			<visible>System.HasAddon(script.skin.helper.service) + [StringCompare(Window(home).Property(actualViewtype),RightList) | StringCompare(Window(home).Property(actualViewtype),FanartList) | StringCompare(Window(home).Property(actualViewtype),LowList) | StringCompare(Window(home).Property(actualViewtype),BigList) | StringCompare(Window(home).Property(actualViewtype),MyFlix) | StringCompare(Window(home).Property(actualViewtype),TriPanel) | StringCompare(Window(home).Property(actualViewtype),Logo)]</visible>
		</control>
	</controls>
</window>