<?xml version="1.0" encoding="UTF-8"?>
<window type="dialog" id="1140">
	<defaultcontrol always="true">9000</defaultcontrol>
	<controls>
		<control type="group">
			<left>0</left>
			<top>128</top>
			<control type="list" id="9000">
				<left>82</left>
				<top>32</top>
				<width>356</width>
				<height>840</height>
				<onleft>9010</onleft>
				<onright>9010</onright>
				<onup>9000</onup>
				<ondown>9000</ondown>
				<pagecontrol>-</pagecontrol>
				<scrolltime tween="quadratic" easing="out">200</scrolltime>
				<include>SettingsFadeEffect</include>
				<itemlayout height="90" width="356">
					<control type="image">
						<top>30</top>
						<width>356</width>
						<height>60</height>
						<texture border="1">separator2.png</texture>
					</control>
					<control type="label">
						<width>356</width>
						<height>90</height>
						<font>font15</font>
						<textoffsetx>20</textoffsetx>
						<textcolor>grey2</textcolor>
						<selectedcolor>$VAR[ThemeLabelColor]</selectedcolor>
						<align>right</align>
						<aligny>center</aligny>
						<label>$INFO[ListItem.Label]</label>
					</control>
				</itemlayout>
				<focusedlayout height="90" width="356">
					<control type="image">
						<top>30</top>
						<width>356</width>
						<height>60</height>
						<texture border="1">separator2.png</texture>
					</control>
					<control type="image">
						<width>356</width>
						<height>90</height>
						<texture border="4">listselect_fo.png</texture>
						<animation effect="fade" start="100" end="40" time="300" tween="sine" easing="inout" condition="!Control.HasFocus(9000)">Conditional</animation>
					</control>
					<control type="label">
						<width>356</width>
						<height>90</height>
						<font>font15</font>
						<textoffsetx>20</textoffsetx>
						<textcolor>white</textcolor>
						<selectedcolor>$VAR[ThemeLabelColor]</selectedcolor>
						<align>right</align>
						<aligny>center</aligny>
						<label>$INFO[ListItem.Label]</label>
						<animation effect="fade" start="100" end="70" time="300" tween="sine" easing="inout" condition="!Control.HasFocus(9000)">Conditional</animation>
					</control>
				</focusedlayout>
				<content>
					<item id="2">
						<label>16000</label>
						<onclick>noop</onclick>
						<icon>-</icon>
					</item>
					<item id="1">
						<label>513</label>
						<onclick>noop</onclick>
						<icon>-</icon>
					</item>
					<item id="3">
						<label>31155</label>
						<onclick>noop</onclick>
						<icon>-</icon>
					</item>
				</content>
			</control>
			<control type="textbox">
				<description>description area</description>
				<left>552</left>
				<top>754</top>
				<width>1256</width>
				<height>115</height>
				<font>font15_textbox</font>
				<align>left</align>
				<textcolor>grey2</textcolor>
				<label>$VAR[CustomColorsDescriptionVar]</label>
				<autoscroll time="3000" delay="4000" repeat="5000">true</autoscroll>
				<animation effect="fade" start="0" end="100" time="300" tween="sine" easing="inout">Visible</animation>
				<animation effect="fade" start="100" end="0" time="0" tween="sine" easing="inout">Hidden</animation>
			</control>
			<control type="group" id="9010">
				<control type="grouplist" id="9001">
					<description>control area</description>
					<left>522</left>
					<top>32</top>
					<width>1316</width>
					<height>720</height>
					<itemgap>0</itemgap>
					<pagecontrol>60</pagecontrol>
					<onleft>9000</onleft>
					<onright>60</onright>
					<onup>9001</onup>
					<ondown>9001</ondown>
					<visible>Container(9000).HasFocus(1)</visible>
					<control type="button" id="100">
						<width>1316</width>
						<height>90</height>
						<textoffsetx>30</textoffsetx>
						<font>font15</font>
						<label>$LOCALIZE[15111]</label>
						<onclick>RunScript(script.skin.helper.service,action=colorpicker,skinstring=ThemeHomeLabelColor)</onclick>
						<texturenofocus border="1">separator5.png</texturenofocus>
					</control>
					<control type="button" id="102">
						<width>1316</width>
						<height>90</height>
						<textoffsetx>30</textoffsetx>
						<font>font15</font>
						<label>Focused Main Menu</label>
						<onclick>RunScript(script.skin.helper.service,action=colorpicker,skinstring=FocusedMainMenuColor)</onclick>
						<texturenofocus border="1">separator5.png</texturenofocus>
					</control>
					<control type="button" id="103">
						<width>1316</width>
						<height>90</height>
						<textoffsetx>30</textoffsetx>
						<font>font15</font>
						<label>Unfocused Main Menu</label>
						<onclick>RunScript(script.skin.helper.service,action=colorpicker,skinstring=UnfocusedMainMenuColor)</onclick>
						<texturenofocus border="1">separator5.png</texturenofocus>
					</control>
					<control type="button" id="104">
						<width>1316</width>
						<height>90</height>
						<textoffsetx>30</textoffsetx>
						<font>font15</font>
						<label>Focused Submenu</label>
						<onclick>RunScript(script.skin.helper.service,action=colorpicker,skinstring=FocusedSubMenuColor)</onclick>
						<texturenofocus border="1">separator5.png</texturenofocus>
					</control>
					<control type="button" id="105">
						<width>1316</width>
						<height>90</height>
						<textoffsetx>30</textoffsetx>
						<font>font15</font>
						<label>Unfocused Submenu</label>
						<onclick>RunScript(script.skin.helper.service,action=colorpicker,skinstring=UnfocusedSubMenuColor)</onclick>
						<texturenofocus border="1">separator5.png</texturenofocus>
					</control>
					<control type="button" id="106">
						<width>1316</width>
						<height>90</height>
						<textoffsetx>30</textoffsetx>
						<font>font15</font>
						<label>Focused Icons label</label>
						<onclick>RunScript(script.skin.helper.service,action=colorpicker,skinstring=FocusedMainMenuIconLabelColor)</onclick>
						<texturenofocus border="1">separator5.png</texturenofocus>
						<visible>StringCompare(Skin.String(MainMenu.Layout),$LOCALIZE[536])</visible>
					</control>
					<control type="button" id="107">
						<width>1316</width>
						<height>90</height>
						<textoffsetx>30</textoffsetx>
						<font>font15</font>
						<label>Unfocused Icons label</label>
						<onclick>RunScript(script.skin.helper.service,action=colorpicker,skinstring=UnfocusedMainMenuIconLabelColor)</onclick>
						<texturenofocus border="1">separator5.png</texturenofocus>
						<visible>StringCompare(Skin.String(MainMenu.Layout),$LOCALIZE[536])</visible>
					</control>
					<control type="button" id="108">
						<width>1316</width>
						<height>90</height>
						<textoffsetx>30</textoffsetx>
						<font>font15</font>
						<label>$LOCALIZE[20304]</label>
						<onclick>RunScript(script.skin.helper.service,action=colorpicker,skinstring=RSSFeedColor)</onclick>
						<texturenofocus border="1">separator5.png</texturenofocus>
						<visible>system.getbool(lookandfeel.enablerssfeeds)</visible>
					</control>
				</control>
				<control type="grouplist" id="9002">
					<description>control area</description>
					<left>522</left>
					<top>32</top>
					<width>1316</width>
					<height>720</height>
					<itemgap>0</itemgap>
					<pagecontrol>60</pagecontrol>
					<onleft>9000</onleft>
					<onright>60</onright>
					<onup>9002</onup>
					<ondown>9002</ondown>
					<visible>Container(9000).HasFocus(2)</visible>
					<control type="button" id="200">
						<width>1316</width>
						<height>90</height>
						<textoffsetx>30</textoffsetx>
						<font>font15</font>
						<label>$LOCALIZE[15111]</label>
						<onclick>RunScript(script.skin.helper.service,action=colorpicker,skinstring=ThemeLabelColor)</onclick>
						<texturenofocus border="1">separator5.png</texturenofocus>
					</control>
					<control type="button" id="201">
						<width>1316</width>
						<height>90</height>
						<textoffsetx>30</textoffsetx>
						<font>font15</font>
						<label>Highlight</label>
						<onclick>RunScript(script.skin.helper.service,action=colorpicker,skinstring=HighlightBarColor)</onclick>
						<texturenofocus border="1">separator5.png</texturenofocus>
					</control>
					<control type="button" id="202">
						<width>1316</width>
						<height>90</height>
						<textoffsetx>30</textoffsetx>
						<font>font15</font>
						<label>Unwatched episode</label>
						<onclick>RunScript(script.skin.helper.service,action=colorpicker,skinstring=UnWatchedEpColor)</onclick>
						<texturenofocus border="1">separator5.png</texturenofocus>
					</control>
				</control>
				<control type="grouplist" id="9003">
					<description>control area</description>
					<left>522</left>
					<top>32</top>
					<width>1316</width>
					<height>720</height>
					<itemgap>0</itemgap>
					<pagecontrol>60</pagecontrol>
					<onleft>9000</onleft>
					<onright>60</onright>
					<onup>9003</onup>
					<ondown>9003</ondown>
					<visible>Container(9000).HasFocus(3)</visible>
					<control type="button" id="300">
						<width>1316</width>
						<height>90</height>
						<textoffsetx>30</textoffsetx>
						<font>font15</font>
						<label>Highlight</label>
						<onclick>RunScript(script.skin.helper.service,action=colorpicker,skinstring=WidgetHighlightBarColor)</onclick>
						<texturenofocus border="1">separator5.png</texturenofocus>
					</control>
				</control>
				<control type="grouplist">
					<include name="ColorCustomizerSwatchGrouplist">
						<param name="FocusID">1</param>
					</include>
					<control type="image">
						<include name="ColorCustomizerSwatchimage">
							<param name="ColorString">ThemeHomeLabelColor</param>
						</include>
					</control>
					<control type="image">
						<include name="ColorCustomizerSwatchimage">
							<param name="ColorString">FocusedMainMenuColor</param>
						</include>
					</control>
					<control type="image">
						<include name="ColorCustomizerSwatchimage">
							<param name="ColorString">UnfocusedMainMenuColor</param>
						</include>
					</control>
					<control type="image">
						<include name="ColorCustomizerSwatchimage">
							<param name="ColorString">FocusedSubMenuColor</param>
						</include>
					</control>
					<control type="image">
						<include name="ColorCustomizerSwatchimage">
							<param name="ColorString">UnfocusedSubMenuColor</param>
						</include>
					</control>
					<control type="image">
						<include name="ColorCustomizerSwatchimage">
							<param name="ColorString">RSSFeedColor</param>
						</include>
					</control>
				</control>
				<control type="grouplist">
					<itemgap>20</itemgap>
					<orientation>vertical</orientation>
					<visible>StringCompare(Skin.String(MainMenu.Layout),$LOCALIZE[536])</visible>
					<control type="image">
						<include name="ColorCustomizerSwatchimage">
							<param name="ColorString">FocusedMainMenuIconLabelColor</param>
						</include>
					</control>
					<control type="image">
						<include name="ColorCustomizerSwatchimage">
							<param name="ColorString">UnfocusedMainMenuIconLabelColor</param>
						</include>
					</control>
				</control>
				<control type="grouplist">
					<include name="ColorCustomizerSwatchGrouplist">
						<param name="FocusID">2</param>
					</include>
					<control type="image">
						<include name="ColorCustomizerSwatchimage">
							<param name="ColorString">ThemeLabelColor</param>
						</include>
					</control>
					<control type="image">
						<include name="ColorCustomizerSwatchimage">
							<param name="ColorString">HighlightBarColor</param>
						</include>
					</control>
					<control type="image">
						<include name="ColorCustomizerSwatchimage">
							<param name="ColorString">UnWatchedEpColor</param>
						</include>
					</control>
				</control>
				<control type="grouplist">
					<include name="ColorCustomizerSwatchGrouplist">
						<param name="FocusID">3</param>
					</include>
					<control type="image">
						<include name="ColorCustomizerSwatchimage">
							<param name="ColorString">WidgetHighlightBarColor</param>
						</include>
					</control>
				</control>
			</control>
		</control>
	</controls>
</window>