<?xml version="1.0" encoding="UTF-8"?>
<window id="1199" type="dialog">
	<defaultcontrol always="true">8052</defaultcontrol>
	<animation type="WindowOpen" reversible="false" condition="!StringCompare(Skin.String(MainMenu.Layout),$LOCALIZE[31994]) + Skin.HasSetting(lowermainmenu)">
		<effect type="rotatex" start="-180" end="0" center="425,0" time="400" tween="sine" easing="inout" />
		<effect type="fade" start="0" end="100" time="10" delay="200" />
	</animation>
	<animation type="WindowClose" reversible="false" condition="!StringCompare(Skin.String(MainMenu.Layout),$LOCALIZE[31994]) + Skin.HasSetting(lowermainmenu)">
		<effect type="rotatex" start="0" end="-180" center="425,0" time="400" tween="sine" easing="inout" />
		<effect type="fade" start="100" end="0" time="10" delay="200" />
	</animation>
	<animation type="WindowOpen" reversible="false" condition="!StringCompare(Skin.String(MainMenu.Layout),$LOCALIZE[31994]) + !Skin.HasSetting(lowermainmenu)">
		<effect type="rotatex" start="-180" end="0" center="656,0" time="400" tween="sine" easing="inout" />
		<effect type="fade" start="0" end="100" time="10" delay="200" />
	</animation>
	<animation type="WindowClose" reversible="false" condition="!StringCompare(Skin.String(MainMenu.Layout),$LOCALIZE[31994]) + !Skin.HasSetting(lowermainmenu)">
		<effect type="rotatex" start="0" end="-180" center="656,0" time="400" tween="sine" easing="inout" />
		<effect type="fade" start="100" end="0" time="10" delay="200" />
	</animation>
	<animation type="WindowOpen" reversible="false" condition="StringCompare(Skin.String(MainMenu.Layout),$LOCALIZE[31994])">
		<effect type="rotatex" start="-180" end="0" center="490,0" time="400" tween="sine" easing="inout" />
		<effect type="fade" start="0" end="100" time="10" delay="200" />
	</animation>
	<animation type="WindowClose" reversible="false" condition="StringCompare(Skin.String(MainMenu.Layout),$LOCALIZE[31994])">
		<effect type="rotatex" start="0" end="-180" center="490,0" time="400" tween="sine" easing="inout" />
		<effect type="fade" start="100" end="0" time="10" delay="200" />
	</animation>
	<animation effect="slide" end="0,231" condition="!StringCompare(Skin.String(MainMenu.Layout),$LOCALIZE[31994]) + !Skin.HasSetting(lowermainmenu)">Conditional</animation>
	<animation effect="slide" end="65,115" condition="StringCompare(Skin.String(MainMenu.Layout),$LOCALIZE[31994])">Conditional</animation>
	<onunload>ClearProperty(Widget.Type,Home)</onunload>
	<onunload>ClearProperty(Widget.Cover,Home)</onunload>
	<onunload>ClearProperty(Widget.DiscArt,Home)</onunload>
	<onunload>ClearProperty(Widget.Title,Home)</onunload>
	<onunload>ClearProperty(Widget.SubTitle,Home)</onunload>
	<onunload>ClearProperty(Widget.Year,Home)</onunload>
	<onunload>ClearProperty(Widget.FlagsRating,Home)</onunload>
	<onunload>ClearProperty(Widget.FlagsStudio,Home)</onunload>
	<onunload>ClearProperty(Widget.FlagsSource,Home)</onunload>
	<onunload>ClearProperty(Widget.FlagsResolution,Home)</onunload>
	<onunload>ClearProperty(Widget.FlagsAspect,Home)</onunload>
	<onunload>ClearProperty(Widget.FlagsAudio,Home)</onunload>
	<onunload>ClearProperty(Widget.FlagsAudioChannels,Home)</onunload>
	<onunload>ClearProperty(Widget.FlagsCC,Home)</onunload>
	<onunload>ClearProperty(Widget.Info1,Home)</onunload>
	<onunload>ClearProperty(Widget.Info2,Home)</onunload>
	<onunload>ClearProperty(Widget.Plot,Home)</onunload>
	<onunload>ClearProperty(Widget.FilePath,Home)</onunload>
	<onunload>ClearProperty(Widget.Resume,Home)</onunload>
	<onunload>ClearProperty(Widget.Trailer,Home)</onunload>
	<controls>
		<control type="group">
			<visible>StringCompare(Window(Home).Property(Widget.Type),NoInfo)</visible>
			<control type="grouplist" id="8052">
				<control type="button" id="8053">
					<onfocus>Dialog.Close(1199)</onfocus>
				</control>
			</control>
		</control>
		<control type="image">
			<left></left>
			<centerleft>50%</centerleft>
			<top>74</top>
			<width>1772</width>
			<height>701</height>
			<texture border="40">homewidgets/bg_default.png</texture>
			<visible>true</visible>
		</control>
		<!-- Portrait -->
		<control type="group">
			<visible>StringCompare(Window(Home).Property(Widget.Type),Portrait)</visible>
			<control type="image">
				<left></left>
				<centerleft>50%</centerleft>
				<top>90</top>
				<width>1740</width>
				<height>669</height>
				<texture>homewidgets/Info_Separator1.png</texture>
			</control>
			<control type="image">
				<left>100</left>
				<top>100</top>
				<width>446</width>
				<height>649</height>
				<texture>$INFO[Window(Home).Property(Widget.Cover)]</texture>
			</control>
			<control type="image" id="8020">
				<left>1427</left>
				<top>357</top>
				<width>392</width>
				<height>392</height>
				<texture>$INFO[Window(Home).Property(Widget.DiscArt)]</texture>
				<visible>!IsEmpty(Control.GetLabel(8020))</visible>
			</control>
			<!-- Header -->
			<control type="grouplist">
				<top>99</top>
				<left>554</left>
				<control type="label">
					<width>1266</width>
					<height>35</height>
					<font>font30_title_bold</font>
					<textcolor>grey</textcolor>
					<shadowcolor>black</shadowcolor>
					<scroll>true</scroll>
					<label>$INFO[Window(Home).Property(Widget.Title)]</label>
				</control>
				<control type="label">
					<width>1266</width>
					<height>53</height>
					<font>font30</font>
					<textcolor>tomato</textcolor>
					<shadowcolor>black</shadowcolor>
					<scroll>true</scroll>
					<label>$INFO[Window(Home).Property(Widget.SubTitle)]</label>
				</control>
			</control>
			<!-- Flags-->
			<control type="grouplist">
				<top>192</top>
				<left>554</left>
				<height>90</height>
				<orientation>horizontal</orientation>
				<control type="label" id="1001">
					<width>140</width>
					<height>90</height>
					<align>left</align>
					<font>font35_title_bold</font>
					<textcolor>white</textcolor>
					<label>$INFO[Window(Home).Property(Widget.Year)]</label>
					<visible>!IsEmpty(Control.GetLabel(1001))</visible>
				</control>
				<control type="image" id="1002">
					<width>140</width>
					<height>90</height>
					<aspectratio>keep</aspectratio>
					<colordiffuse>white</colordiffuse>
					<align>center</align>
					<aligny>center</aligny>
					<texture>$INFO[Window(Home).Property(Widget.FlagsRating)]</texture>
					<visible>!IsEmpty(Control.GetLabel(1002))</visible>
				</control>
				<control type="image" id="1003">
					<width>140</width>
					<height>90</height>
					<aspectratio>keep</aspectratio>
					<colordiffuse>white</colordiffuse>
					<align>center</align>
					<aligny>center</aligny>
					<texture>$INFO[Window(Home).Property(Widget.FlagsStudio)]</texture>
					<visible>!IsEmpty(Control.GetLabel(1003))</visible>
				</control>
				<control type="image" id="1004">
					<width>140</width>
					<height>90</height>
					<aspectratio>keep</aspectratio>
					<colordiffuse>white</colordiffuse>
					<align>center</align>
					<aligny>center</aligny>
					<texture>$INFO[Window(Home).Property(Widget.FlagsResolution)]</texture>
					<visible>!IsEmpty(Control.GetLabel(1004))</visible>
				</control>
				<control type="image" id="1005">
					<width>140</width>
					<height>90</height>
					<aspectratio>keep</aspectratio>
					<colordiffuse>white</colordiffuse>
					<align>center</align>
					<aligny>center</aligny>
					<texture>$INFO[Window(Home).Property(Widget.FlagsSource)]</texture>
					<visible>!IsEmpty(Control.GetLabel(1005))</visible>
				</control>
				<control type="image" id="1006">
					<width>140</width>
					<height>90</height>
					<aspectratio>keep</aspectratio>
					<colordiffuse>white</colordiffuse>
					<align>center</align>
					<aligny>center</aligny>
					<texture>$INFO[Window(Home).Property(Widget.FlagsAspect)]</texture>
					<visible>!IsEmpty(Control.GetLabel(1006))</visible>
				</control>
				<control type="image" id="1007">
					<width>140</width>
					<height>90</height>
					<aspectratio>keep</aspectratio>
					<colordiffuse>white</colordiffuse>
					<align>center</align>
					<aligny>center</aligny>
					<texture>$INFO[Window(Home).Property(Widget.FlagsAudio)]</texture>
					<visible>!IsEmpty(Control.GetLabel(1007))</visible>
				</control>
				<control type="image" id="1008">
					<width>140</width>
					<height>90</height>
					<aspectratio>keep</aspectratio>
					<colordiffuse>white</colordiffuse>
					<align>center</align>
					<aligny>center</aligny>
					<texture>$INFO[Window(Home).Property(Widget.FlagsAudioChannels)]</texture>
					<visible>!IsEmpty(Control.GetLabel(1008))</visible>
				</control>
				<control type="image">
					<width>140</width>
					<height>90</height>
					<aspectratio>keep</aspectratio>
					<colordiffuse>white</colordiffuse>
					<align>center</align>
					<aligny>center</aligny>
					<texture>$INFO[Window(Home).Property(Widget.FlagsCC)]</texture>
				</control>
			</control>
			<!-- Info -->
			<control type="grouplist">
				<top>368</top>
				<left>555</left>
				<orientation>horizontal</orientation>
				<control type="image">
					<width>30</width>
					<height>30</height>
					<colordiffuse>AAFFFFFF</colordiffuse>
					<texture>homewidgets/WidgetInfoPluginIcon.png</texture>
					<visible>!IsEmpty(Control.GetLabel(1009)) | !IsEmpty(Control.GetLabel(1010))</visible>
				</control>
				<control type="label">
					<width>10</width>
				</control>
				<control type="label" id="1009">
					<width>1230</width>
					<height>30</height>
					<font>font14</font>
					<textcolor>grey</textcolor>
					<label>$INFO[Window(Home).Property(Widget.Info1)]</label>
					<visible>IsEmpty(Control.GetLabel(8020))</visible>
				</control>
				<control type="label" id="1010">
					<width>828</width>
					<height>30</height>
					<font>font14</font>
					<textcolor>grey</textcolor>
					<label>$INFO[Window(Home).Property(Widget.Info1)]</label>
					<visible>!IsEmpty(Control.GetLabel(8020))</visible>
				</control>
			</control>
			<control type="grouplist">
				<top>412</top>
				<left>555</left>
				<orientation>horizontal</orientation>
				<control type="image">
					<width>30</width>
					<height>30</height>
					<colordiffuse>AAFFFFFF</colordiffuse>
					<texture>homewidgets/WidgetInfoGenreIcon.png</texture>
					<visible>!IsEmpty(Control.GetLabel(1011)) | !IsEmpty(Control.GetLabel(1012))</visible>
				</control>
				<control type="label">
					<width>10</width>
				</control>
				<control type="label" id="1011">
					<width>1230</width>
					<height>30</height>
					<font>font14</font>
					<textcolor>grey</textcolor>
					<label>$INFO[Window(Home).Property(Widget.Info2)]</label>
					<visible>IsEmpty(Control.GetLabel(8020))</visible>
				</control>
				<control type="label" id="1012">
					<width>828</width>
					<height>30</height>
					<font>font14</font>
					<textcolor>grey</textcolor>
					<label>$INFO[Window(Home).Property(Widget.Info2)]</label>
					<visible>!IsEmpty(Control.GetLabel(8020))</visible>
				</control>
			</control>
			<!-- Info Plot-->
			<control type="textbox">
				<top>459</top>
				<left>555</left>
				<height>290</height>
				<width>1266</width>
				<font>font14_textbox</font>
				<align>justify</align>
				<textcolor>grey</textcolor>
				<autoscroll time="3000" delay="4000" repeat="5000">Skin.HasSetting(Enable.AutoScroll)</autoscroll>
				<label>$INFO[Window(Home).Property(Widget.Plot)]</label>
				<visible>IsEmpty(Control.GetLabel(8020))</visible>
			</control>
			<control type="textbox">
				<top>459</top>
				<left>555</left>
				<height>290</height>
				<width>852</width>
				<font>font14_textbox</font>
				<align>justify</align>
				<textcolor>grey</textcolor>
				<autoscroll time="3000" delay="4000" repeat="5000">Skin.HasSetting(Enable.AutoScroll)</autoscroll>
				<label>$INFO[Window(Home).Property(Widget.Plot)]</label>
				<visible>!IsEmpty(Control.GetLabel(8020))</visible>
			</control>
			<!-- Info Buttons-->`
			<control type="grouplist" id="8052">
				<left>547</left>
				<width>1266</width>
				<top>285</top>
				<height>60</height>
				<orientation>horizontal</orientation>
				<control type="button" id="8053">
					<description>Close</description>
					<textoffsetx>10</textoffsetx>
					<width min="250">auto</width>
					<align>center</align>
					<texturenofocus colordiffuse="77FFFFFF">homewidgets/widgetinfo_nofocus.png</texturenofocus>
					<label>$LOCALIZE[15067]</label>
					<onclick>Dialog.Close(1199)</onclick>
					<onup>Dialog.Close(1199)</onup>
					<ondown>Dialog.Close(1199)</ondown>
				</control>
				<control type="button" id="8054">
					<description>Play Button</description>
					<textoffsetx>10</textoffsetx>
					<width min="250">auto</width>
					<align>center</align>
					<texturenofocus colordiffuse="77FFFFFF">homewidgets/widgetinfo_nofocus.png</texturenofocus>
					<label>$LOCALIZE[208]</label>
					<onclick>PlayMedia($INFO[Window(Home).Property(Widget.FilePath)],noresume)</onclick>
					<onclick>Dialog.Close(1199)</onclick>
					<visible>!SubString(Window(Home).Property(Widget.FilePath),activatewindow) + !SubString(Window(Home).Property(Widget.FilePath),playtrailer) + !SubString(Window(Home).Property(Widget.FilePath),extended)</visible>
				</control>
				<control type="button" id="8055">
					<description>Open Button</description>
					<textoffsetx>10</textoffsetx>
					<width min="250">auto</width>
					<align>center</align>
					<texturenofocus colordiffuse="77FFFFFF">homewidgets/widgetinfo_nofocus.png</texturenofocus>
					<label>$LOCALIZE[502]</label>
					<onclick>PlayMedia($INFO[Window(Home).Property(Widget.FilePath)],noresume)</onclick>
					<onclick>Dialog.Close(1199)</onclick>
					<visible>SubString(Window(Home).Property(Widget.FilePath),activatewindow) | SubString(Window(Home).Property(Widget.FilePath),extended)</visible>
				</control>
				<control type="button" id="8056">
					<description>Resume Button</description>
					<textoffsetx>10</textoffsetx>
					<width min="250">auto</width>
					<align>center</align>
					<texturenofocus colordiffuse="77FFFFFF">homewidgets/widgetinfo_nofocus.png</texturenofocus>
					<label>$LOCALIZE[13404] $INFO[Window(Home).Property(Widget.Resume),(,%)]</label>
					<onclick>PlayMedia($INFO[Window(Home).Property(Widget.FilePath)],resume)</onclick>
					<onclick>Dialog.Close(1199)</onclick>
					<visible>IntegerGreaterThan(Window(Home).Property(Widget.Resume),1)</visible>
				</control>
				<control type="button" id="8057">
					<description>Play Trailer</description>
					<textoffsetx>10</textoffsetx>
					<width min="250">auto</width>
					<align>center</align>
					<texturenofocus colordiffuse="77FFFFFF">homewidgets/widgetinfo_nofocus.png</texturenofocus>
					<label>$LOCALIZE[20410]</label>
					<onclick>PlayMedia($INFO[Window(Home).Property(Widget.Trailer)])</onclick>
					<onclick>Dialog.Close(1199)</onclick>
					<visible>!IsEmpty(Window(Home).Property(Widget.Trailer))</visible>
				</control>
				<control type="button" id="8058">
					<description>Add to Couch Potato</description>
					<textoffsetx>10</textoffsetx>
					<width min="250">auto</width>
					<align>center</align>
					<texturenofocus colordiffuse="77FFFFFF">homewidgets/widgetinfo_nofocus.png</texturenofocus>
					<label>$LOCALIZE[31270]</label>
					<onclick>RunPlugin(plugin://plugin.video.couchpotato_manager/movies/add?title=$INFO[Window(Home).Property(Widget.Title)])</onclick>
					<visible>System.HasAddon(plugin.video.couchpotato_manager) + SubString(Window(Home).Property(Widget.FilePath),extendedinfo) + !SubString(Window(Home).Property(Widget.FilePath),ActivateWindow)</visible>
				</control>
			</control>
		</control>
		<!-- Square -->
		<control type="group">
			<visible>StringCompare(Window(Home).Property(Widget.Type),Square)</visible>
			<control type="image">
				<left></left>
				<centerleft>50%</centerleft>
				<top>90</top>
				<width>1740</width>
				<height>669</height>
				<texture>homewidgets/Info_Separator2.png</texture>
				<visible>!SubString(Window(Home).Property(Widget.FilePath),plugin.audio) + !SubString(Window(Home).Property(Widget.FilePath),plugin.video) + !SubString(Window(Home).Property(Widget.FilePath),plugin.picture) + !SubString(Window(Home).Property(Widget.FilePath),plugin.image) + !SubString(Window(Home).Property(Widget.FilePath),script://)</visible>
			</control>
			<control type="image">
				<left></left>
				<centerleft>50%</centerleft>
				<top>90</top>
				<width>1740</width>
				<height>669</height>
				<texture>homewidgets/Info_Separator3.png</texture>
				<visible>SubString(Window(Home).Property(Widget.FilePath),plugin.audio) | SubString(Window(Home).Property(Widget.FilePath),plugin.video) | SubString(Window(Home).Property(Widget.FilePath),plugin.picture) | SubString(Window(Home).Property(Widget.FilePath),plugin.image) | SubString(Window(Home).Property(Widget.FilePath),script://)</visible>
			</control>
			<control type="image">
				<left>100</left>
				<top>100</top>
				<width>649</width>
				<height>649</height>
				<aspectratio aligny="top">scale</aspectratio>
				<texture>$INFO[Window(Home).Property(Widget.Cover)]</texture>
			</control>
			<control type="image" id="8021">
				<left>1427</left>
				<top>357</top>
				<width>392</width>
				<height>392</height>
				<texture>$INFO[Window(Home).Property(Widget.DiscArt)]</texture>
				<visible>!IsEmpty(Control.GetLabel(8021))</visible>
			</control>
			<control type="grouplist">
				<top>99</top>
				<left>757</left>
				<control type="label">
					<width>1063</width>
					<height>35</height>
					<font>font30_title_bold</font>
					<textcolor>grey</textcolor>
					<shadowcolor>black</shadowcolor>
					<scroll>true</scroll>
					<label>$INFO[Window(Home).Property(Widget.Title)]</label>
				</control>
				<control type="label">
					<width>1063</width>
					<height>53</height>
					<font>font30</font>
					<textcolor>tomato</textcolor>
					<shadowcolor>black</shadowcolor>
					<scroll>true</scroll>
					<label>$INFO[Window(Home).Property(Widget.SubTitle)]</label>
				</control>
			</control>
			<!-- Flags-->
			<control type="grouplist">
				<top>192</top>
				<left>757</left>
				<height>90</height>
				<orientation>horizontal</orientation>
				<control type="label" id="1021">
					<width min="140">auto</width>
					<height>90</height>
					<align>left</align>
					<font>font35_title_bold</font>
					<textcolor>white</textcolor>
					<label>$INFO[Window(Home).Property(Widget.Year)]</label>
					<visible>!IsEmpty(Control.GetLabel(1021))</visible>
				</control>
				<control type="image" id="1022">
					<width>140</width>
					<height>90</height>
					<aspectratio>keep</aspectratio>
					<colordiffuse>white</colordiffuse>
					<align>center</align>
					<aligny>center</aligny>
					<texture>$INFO[Window(Home).Property(Widget.FlagsStudio)]</texture>
					<visible>!IsEmpty(Control.GetLabel(1022))</visible>
				</control>
				<control type="image" id="1023">
					<width>140</width>
					<height>90</height>
					<aspectratio>keep</aspectratio>
					<colordiffuse>white</colordiffuse>
					<align>center</align>
					<aligny>center</aligny>
					<texture>$INFO[Window(Home).Property(Widget.FlagsResolution)]</texture>
					<visible>!IsEmpty(Control.GetLabel(1023))</visible>
				</control>
				<control type="image" id="1024">
					<width>140</width>
					<height>90</height>
					<aspectratio>keep</aspectratio>
					<colordiffuse>white</colordiffuse>
					<align>center</align>
					<aligny>center</aligny>
					<texture>$INFO[Window(Home).Property(Widget.FlagsSource)]</texture>
					<visible>!IsEmpty(Control.GetLabel(1024))</visible>
				</control>
				<control type="image" id="1025">
					<width>140</width>
					<height>90</height>
					<aspectratio>keep</aspectratio>
					<colordiffuse>white</colordiffuse>
					<align>center</align>
					<aligny>center</aligny>
					<texture>$INFO[Window(Home).Property(Widget.FlagsAspect)]</texture>
					<visible>!IsEmpty(Control.GetLabel(1025))</visible>
				</control>
				<control type="image" id="1026">
					<width>140</width>
					<height>90</height>
					<aspectratio>keep</aspectratio>
					<colordiffuse>white</colordiffuse>
					<align>center</align>
					<aligny>center</aligny>
					<texture>$INFO[Window(Home).Property(Widget.FlagsAudio)]</texture>
					<visible>!IsEmpty(Control.GetLabel(1026))</visible>
				</control>
				<control type="image" id="1027">
					<width>140</width>
					<height>90</height>
					<aspectratio>keep</aspectratio>
					<colordiffuse>white</colordiffuse>
					<align>center</align>
					<aligny>center</aligny>
					<texture>$INFO[Window(Home).Property(Widget.FlagsAudioChannels)]</texture>
					<visible>!IsEmpty(Control.GetLabel(1027))</visible>
				</control>
			</control>
			<!-- Info -->
			<control type="grouplist">
				<top>368</top>
				<left>758</left>
				<orientation>horizontal</orientation>
				<control type="image">
					<width>30</width>
					<height>30</height>
					<colordiffuse>AAFFFFFF</colordiffuse>
					<texture>homewidgets/WidgetInfoPluginIcon.png</texture>
					<visible>!IsEmpty(Control.GetLabel(1028)) | !IsEmpty(Control.GetLabel(1029))</visible>
				</control>
				<control type="label">
					<width>10</width>
				</control>
				<control type="label" id="1028">
					<width>1027</width>
					<height>30</height>
					<font>font14</font>
					<textcolor>grey</textcolor>
					<label>$INFO[Window(Home).Property(Widget.Info1)]</label>
					<visible>IsEmpty(Control.GetLabel(8021))</visible>
				</control>
				<control type="label" id="1029">
					<width>625</width>
					<height>30</height>
					<font>font14</font>
					<textcolor>grey</textcolor>
					<label>$INFO[Window(Home).Property(Widget.Info1)]</label>
					<visible>!IsEmpty(Control.GetLabel(8021))</visible>
				</control>
			</control>
			<control type="grouplist">
				<top>412</top>
				<left>758</left>
				<orientation>horizontal</orientation>
				<control type="image">
					<width>30</width>
					<height>30</height>
					<colordiffuse>AAFFFFFF</colordiffuse>
					<texture>homewidgets/WidgetInfoGenreIcon.png</texture>
					<visible>!IsEmpty(Control.GetLabel(1030)) | !IsEmpty(Control.GetLabel(1031))</visible>
				</control>
				<control type="label">
					<width>10</width>
				</control>
				<control type="label" id="1030">
					<width>1027</width>
					<height>30</height>
					<font>font14</font>
					<textcolor>grey</textcolor>
					<label>$INFO[Window(Home).Property(Widget.Info2)]</label>
					<visible>IsEmpty(Control.GetLabel(8021))</visible>
				</control>
				<control type="label" id="1031">
					<width>625</width>
					<height>30</height>
					<font>font14</font>
					<textcolor>grey</textcolor>
					<label>$INFO[Window(Home).Property(Widget.Info2)]</label>
					<visible>!IsEmpty(Control.GetLabel(8021))</visible>
				</control>
			</control>
			<!-- Info Plot-->
			<control type="textbox">
				<top>459</top>
				<left>758</left>
				<height>290</height>
				<width>1063</width>
				<font>font14_textbox</font>
				<align>justify</align>
				<textcolor>grey</textcolor>
				<autoscroll time="3000" delay="4000" repeat="5000">Skin.HasSetting(Enable.AutoScroll)</autoscroll>
				<label>$INFO[Window(Home).Property(Widget.Plot)]</label>
				<visible>IsEmpty(Control.GetLabel(8021))</visible>
			</control>
			<control type="textbox">
				<top>459</top>
				<left>758</left>
				<height>290</height>
				<width>649</width>
				<font>font14_textbox</font>
				<align>justify</align>
				<textcolor>grey</textcolor>
				<autoscroll time="3000" delay="4000" repeat="5000">Skin.HasSetting(Enable.AutoScroll)</autoscroll>
				<label>$INFO[Window(Home).Property(Widget.Plot)]</label>
				<visible>!IsEmpty(Control.GetLabel(8021))</visible>
			</control>
			<!-- Info Buttons-->
			<control type="grouplist" id="8052">
				<left>750</left>
				<width>1063</width>
				<top>285</top>
				<height>60</height>
				<orientation>horizontal</orientation>
				<control type="button" id="8053">
					<description>Close</description>
					<textoffsetx>10</textoffsetx>
					<width min="250">auto</width>
					<align>center</align>
					<texturenofocus colordiffuse="77FFFFFF">homewidgets/widgetinfo_nofocus.png</texturenofocus>
					<label>$LOCALIZE[15067]</label>
					<onclick>Dialog.Close(1199)</onclick>
				</control>
				<control type="button" id="8054">
					<description>Play Button</description>
					<textoffsetx>10</textoffsetx>
					<width min="250">auto</width>
					<align>center</align>
					<texturenofocus colordiffuse="77FFFFFF">homewidgets/widgetinfo_nofocus.png</texturenofocus>
					<label>$LOCALIZE[208]</label>
					<onclick>Dialog.Close(1199)</onclick>
					<onclick>PlayMedia($INFO[Window(Home).Property(Widget.FilePath)],noresume)</onclick>
					<visible>[SubString(Window(Home).Property(Widget.FilePath),skinhelper) + SubString(Window(Home).Property(Widget.FilePath),playmedia)] | [!SubString(Window(Home).Property(Widget.FilePath),activatewindow) + !SubString(Window(Home).Property(Widget.FilePath),plugin.audio) + !SubString(Window(Home).Property(Widget.FilePath),plugin.video) + !SubString(Window(Home).Property(Widget.FilePath),plugin.picture) + !SubString(Window(Home).Property(Widget.FilePath),plugin.image) + !SubString(Window(Home).Property(Widget.FilePath),script)]</visible>
				</control>
				<control type="button" id="8055">
					<description>Open Button</description>
					<textoffsetx>10</textoffsetx>
					<width min="250">auto</width>
					<align>center</align>
					<texturenofocus colordiffuse="77FFFFFF">homewidgets/widgetinfo_nofocus.png</texturenofocus>
					<label>$LOCALIZE[502]</label>
					<onclick>Dialog.Close(1199)</onclick>
					<onclick>PlayMedia($INFO[Window(Home).Property(Widget.FilePath)],noresume)</onclick>
					<visible>SubString(Window(Home).Property(Widget.FilePath),skinhelper) + SubString(Window(Home).Property(Widget.FilePath),activatewindow)</visible>
				</control>
			</control>
		</control>
	</controls>
</window>