<?xml version="1.0" encoding="UTF-8"?>
<window id="1117" type="dialog">
	<defaultcontrol always="true">90300</defaultcontrol>
	<coordinates>
		<system>1</system>
		<left>705</left>
		<top>0</top>
	</coordinates>
	<include>dialogeffect</include>
	<onunload>ClearProperty(Widget.Trailer,Home)</onunload>
	<onunload>ClearProperty(Widget.Path,Home)</onunload>
	<onunload>ClearProperty(Widget.DBID,Home)</onunload>
	<onunload>SetFocus(8000)</onunload>
	<controls>
		<control type="grouplist" id="90300">
			<left>0</left>
			<top>0</top>
			<width>510</width>
			<height>1080</height>
			<onleft>90300</onleft>
			<onright>90300</onright>
			<onup>90300</onup>
			<ondown>90300</ondown>
			<itemgap>0</itemgap>
			<align>center</align>
			<animation type="Visible" reversible="false">
				<effect type="zoom" start="80" end="100" center="960,540" delay="160" tween="back" time="240" />
				<effect type="fade" delay="160" end="100" time="240" />
			</animation>
			<animation type="Hidden" reversible="false">
				<effect type="zoom" start="100" end="80" center="960,540" easing="in" tween="back" time="240" />
				<effect type="fade" start="100" end="0" time="240" />
			</animation>
			<control type="image" id="90201">
				<description>background image</description>
				<width>510</width>
				<height>34</height>
				<texture border="30,20,30,2">dialog_top2.png</texture>
			</control>
			<control type="button" id="90202">
				<description>Play trailer button</description>
				<width>510</width>
				<textwidth>435</textwidth>
				<textoffsetx>45</textoffsetx>
				<texturefocus colordiffuse="$VAR[HighlightBarColor]" border="35,2,35,2">button_shutdown_focus.png</texturefocus>
				<texturenofocus border="35,2,35,2">button_shutdown_nofocus.png</texturenofocus>
				<onclick>Dialog.Close(1117)</onclick>
				<onclick>Playlist.Clear</onclick>
				<onclick>PlayMedia($ESCINFO[Window(Home).Property(Widget.Trailer)])</onclick>
				<label>$LOCALIZE[31090]</label>
				<visible>!IsEmpty(Window(Home).Property(Widget.Trailer))</visible>
			</control>
			<control type="button" id="90203">
				<description>Play trailer button</description>
				<width>510</width>
				<textwidth>435</textwidth>
				<textoffsetx>45</textoffsetx>
				<texturefocus colordiffuse="$VAR[HighlightBarColor]" border="35,2,35,2">button_shutdown_focus.png</texturefocus>
				<texturenofocus border="35,2,35,2">button_shutdown_nofocus.png</texturenofocus>
				<onclick>Dialog.Close(1117)</onclick>
				<onclick>Playlist.Clear</onclick>
				<onclick>PlayMedia($ESCINFO[Window(Home).Property(Widget.Path)])</onclick>
				<label>$LOCALIZE[31091]</label>
				<visible>!IsEmpty(Window(Home).Property(Widget.Trailer))</visible>
			</control>
			<control type="button" id="90204">
				<description>Play album button</description>
				<width>510</width>
				<textwidth>435</textwidth>
				<textoffsetx>45</textoffsetx>
				<texturefocus colordiffuse="$VAR[HighlightBarColor]" border="35,2,35,2">button_shutdown_focus.png</texturefocus>
				<texturenofocus border="35,2,35,2">button_shutdown_nofocus.png</texturenofocus>
				<onclick>Dialog.Close(1117)</onclick>
				<onclick>Playlist.Clear</onclick>
				<onclick>RunScript(service.skin.widgets,albumid=$INFO[Window(Home).Property(Widget.DBID)])</onclick>
				<label>$LOCALIZE[31092]</label>
				<visible>!IsEmpty(Window(Home).Property(Widget.DBID))</visible>
			</control>
			<control type="image" id="90210">
				<description>background image</description>
				<left>0</left>
				<top>0</top>
				<width>510</width>
				<height>34</height>
				<texture border="30,2,30,20">dialog_bottom2.png</texture>
			</control>
		</control>
	</controls>
</window>