<?xml version="1.0" encoding="UTF-8"?>
<window>
	<defaultcontrol always="true">9000</defaultcontrol>
	<controls>
		<control type="group">
			<animation effect="slide" start="-729,0" end="0,0" time="500" tween="quadratic">WindowOpen</animation>
			<animation effect="slide" end="-729,0" time="500" tween="quadratic">WindowClose</animation>
			<control type="image">
				<width>729</width>
				<height>1080</height>
				<texture>black.png</texture>
			</control>
			<control type="image">
				<width>729</width>
				<height>729</height>
				<aspectratio aligny="top">keep</aspectratio>
				<texture background="true" fallback="special://skin/extras/cdart/default.png">$INFO[ListItem.FileNameAndPath,,/cdart.png]</texture>
				<visible>Container.Content(albums)</visible>
			</control>
			<control type="image">
				<width>729</width>
				<height>351</height>
				<aspectratio>keep</aspectratio>
				<texture background="true">$INFO[ListItem.Path]$INFO[ListItem.Artist,,/logo.png]</texture>
				<visible>!System.HasAddon(script.skin.helper.service) + Container.Content(artists)</visible>
			</control>
			<control type="image">
				<width>729</width>
				<height>351</height>
				<aspectratio>keep</aspectratio>
				<texture background="true">$INFO[Window(Home).Property(SkinHelper.Music.ClearLogo)]</texture>
				<visible>System.HasAddon(script.skin.helper.service) + Container.Content(artists)</visible>
			</control>
			<control type="image">
				<top>311</top>
				<width>729</width>
				<height>40</height>
				<texture flipy="true" border="1">bottom_shadow.png</texture>
			</control>
			<control type="image">
				<top>351</top>
				<width>729</width>
				<height>729</height>
				<aspectratio scalediffuse="false" aligny="bottom">keep</aspectratio>
				<texture background="true" fallback="DefaultAlbumCover.png">$INFO[ListItem.Icon]</texture>
			</control>
		</control>
		<control type="group">
			<animation effect="slide" start="1242,0" end="0,0" time="500" tween="quadratic">WindowOpen</animation>
			<animation effect="slide" end="1242,0" time="500" tween="quadratic">WindowClose</animation>
			<left>729</left>
			<control type="image">
				<width>1192</width>
				<height>1080</height>
				<texture>black.png</texture>
				<visible>IsEmpty(ListItem.Art(fanart))</visible>
			</control>
			<control type="image">
				<width>1192</width>
				<height>1080</height>
				<aspectratio align="center">scale</aspectratio>
				<texture background="true">$INFO[ListItem.Art(fanart)]</texture>
			</control>
			<control type="image">
				<width>1192</width>
				<height>1080</height>
				<texture border="4">dialogs/info/info_rightpaneltop.png</texture>
			</control>
			<control type="group">
				<left>40</left>
				<top>20</top>
				<width>1042</width>
				<height>854</height>
				<control type="grouplist">
					<top>-20</top>
					<width>1100</width>
					<height>110</height>
					<itemgap>0</itemgap>
					<align>center</align>
					<visible>Container.Content(albums)</visible>
					<control type="label">
						<width>1100</width>
						<height>60</height>
						<aligny>center</aligny>
						<align>left</align>
						<font>font30_title_bold</font>
						<textcolor>grey</textcolor>
						<scroll>true</scroll>
						<label>$INFO[ListItem.Album]</label>
					</control>
					<control type="label">
						<width>1100</width>
						<height>30</height>
						<aligny>center</aligny>
						<align>left</align>
						<font>font15</font>
						<textcolor>tomato</textcolor>
						<scroll>true</scroll>
						<label>$INFO[ListItem.Artist]</label>
						<visible>!IsEmpty(ListItem.Artist)</visible>
					</control>
				</control>
				<control type="grouplist">
					<top>-20</top>
					<width>1100</width>
					<height>110</height>
					<itemgap>0</itemgap>
					<align>center</align>
					<visible>Container.Content(artists)</visible>
					<control type="label">
						<width>1100</width>
						<height>60</height>
						<aligny>center</aligny>
						<align>left</align>
						<font>font30_title_bold</font>
						<textcolor>grey</textcolor>
						<scroll>true</scroll>
						<label>$INFO[ListItem.Artist]</label>
					</control>
				</control>
				<control type="image">
					<left>-37</left>
					<top>32</top>
					<width>1188</width>
					<height>60</height>
					<texture border="1">separator2.png</texture>
				</control>
				<control type="grouplist">
					<left>0</left>
					<top>95</top>
					<width>1050</width>
					<height>90</height>
					<itemgap>0</itemgap>
					<align>left</align>
					<orientation>horizontal</orientation>
					<visible>Container.Content(albums)</visible>
					<control type="label">
						<width>140</width>
						<height>90</height>
						<align>left</align>
						<label>$INFO[ListItem.Year]</label>
						<font>font35_title_bold</font>
						<textcolor>grey</textcolor>
					</control>
					<control type="image">
						<width>2</width>
						<height>90</height>
						<texture border="1">separator3.png</texture>
					</control>
					<control type="group">
						<width>198</width>
						<control type="image" id="800011">
							<colordiffuse>grey</colordiffuse>
							<width>198</width>
							<height>88</height>
							<include>MediaFlagVars</include>
							<bordersize>2</bordersize>
							<texture>$INFO[ListItem.Property(Album_Label),resource://resource.images.recordlabels.white/,.png]</texture>
						</control>
						<control type="label">
							<left>0</left>
							<width>198</width>
							<height>90</height>
							<align>center</align>
							<label>$INFO[ListItem.Property(Album_Label)]</label>
							<font>font10</font>
							<textcolor>grey</textcolor>
							<wrapmultiline>true</wrapmultiline>
							<visible>IsEmpty(Control.GetLabel(800011))</visible>
						</control>
					</control>
					<control type="image">
						<width>2</width>
						<height>90</height>
						<texture border="1">separator3.png</texture>
					</control>
					<control type="group">
						<visible>!IsEmpty(Container(50).NumItems)</visible>
						<width>160</width>
						<control type="label">
							<left>0</left>
							<top>2</top>
							<width>160</width>
							<height>60</height>
							<align>center</align>
							<label>$INFO[Container(50).NumItems]</label>
							<font>font48_bold</font>
							<textcolor>grey</textcolor>
						</control>
						<control type="label">
							<top>52</top>
							<width>160</width>
							<height>30</height>
							<align>center</align>
							<label>[LOWERCASE]$LOCALIZE[182][/LOWERCASE]</label>
							<font>font12</font>
							<textcolor>grey</textcolor>
							<visible>Container.Content(albums)</visible>
						</control>
						<control type="label">
							<top>52</top>
							<width>160</width>
							<height>30</height>
							<align>center</align>
							<label>[LOWERCASE]$LOCALIZE[132][/LOWERCASE]</label>
							<font>font12</font>
							<textcolor>grey</textcolor>
							<visible>Container.Content(artists)</visible>
						</control>
					</control>
					<control type="image">
						<width>2</width>
						<height>90</height>
						<texture border="1">separator3.png</texture>
					</control>
					<control type="image">
						<width>260</width>
						<colordiffuse>grey</colordiffuse>
						<include>MediaFlagVars</include>
						<texture fallback="rating0.png">$INFO[ListItem.StarRating]</texture>
					</control>
					<control type="image">
						<width>2</width>
						<height>90</height>
						<texture border="1">separator3.png</texture>
					</control>
				</control>
				<control type="image">
					<left>-37</left>
					<top>126</top>
					<width>1188</width>
					<height>60</height>
					<texture border="1">separator2.png</texture>
				</control>
				<control type="panel" id="300">
					<left>-36</left>
					<top>184</top>
					<width>1188</width>
					<height>306</height>
					<onup>4002</onup>
					<ondown>9000</ondown>
					<orientation>horizontal</orientation>
					<scrolltime tween="quadratic" easing="out">200</scrolltime>
					<itemlayout height="102" width="594">
						<control type="image">
							<top>42</top>
							<width>594</width>
							<height>60</height>
							<texture border="1">separator2.png</texture>
						</control>
						<control type="label">
							<top>50</top>
							<width>594</width>
							<height>40</height>
							<font>font15</font>
							<textcolor>grey</textcolor>
							<selectedcolor>$VAR[ThemeLabelColor]</selectedcolor>
							<label>$INFO[ListItem.Label]</label>
							<textoffsetx>36</textoffsetx>
						</control>
						<control type="label">
							<top>5</top>
							<width>594</width>
							<height>40</height>
							<font>font15</font>
							<textcolor>tomato</textcolor>
							<selectedcolor>$VAR[ThemeLabelColor]</selectedcolor>
							<label>$INFO[ListItem.Label2]</label>
							<textoffsetx>36</textoffsetx>
						</control>
					</itemlayout>
					<focusedlayout height="102" width="594">
						<control type="image">
							<top>42</top>
							<width>594</width>
							<height>60</height>
							<texture border="1">separator2.png</texture>
						</control>
						<control type="image">
							<top>1</top>
							<width>594</width>
							<height>100</height>
							<texture colordiffuse="$VAR[HighlightBarColor]" border="4">listselect_fo.png</texture>
							<visible>Control.HasFocus(300)</visible>
							<include>VisibleFadeEffect</include>
						</control>
						<control type="label">
							<top>50</top>
							<width>594</width>
							<height>40</height>
							<font>font15</font>
							<textcolor>white</textcolor>
							<selectedcolor>$VAR[ThemeLabelColor]</selectedcolor>
							<label>$INFO[ListItem.Label]</label>
							<animation effect="fade" start="100" end="70" time="300" tween="sine" easing="inout" condition="!Control.HasFocus(300)">Conditional</animation>
							<textoffsetx>36</textoffsetx>
						</control>
						<control type="label">
							<top>5</top>
							<width>594</width>
							<height>40</height>
							<font>font15</font>
							<textcolor>white</textcolor>
							<selectedcolor>$VAR[ThemeLabelColor]</selectedcolor>
							<label>$INFO[ListItem.Label2]</label>
							<animation effect="fade" start="100" end="70" time="300" tween="sine" easing="inout" condition="!Control.HasFocus(300)">Conditional</animation>
							<textoffsetx>36</textoffsetx>
						</control>
					</focusedlayout>
					<content>
						<item>
							<label>$INFO[ListItem.Genre]</label>
							<label2>$LOCALIZE[515]:</label2>
							<onclick>noop</onclick>
							<visible>!IsEmpty(ListItem.Genre)</visible>
						</item>
						<item>
							<label>$INFO[ListItem.Property(Album_Mood)]</label>
							<label2>$LOCALIZE[175]:</label2>
							<onclick>noop</onclick>
							<visible>!IsEmpty(ListItem.Property(Album_Mood))</visible>
						</item>
						<item>
							<label>$INFO[ListItem.Property(Album_Style)]</label>
							<label2>$LOCALIZE[176]:</label2>
							<onclick>noop</onclick>
							<visible>!IsEmpty(ListItem.Property(Album_Style))</visible>
						</item>
						<item>
							<label>$INFO[ListItem.Property(Album_Theme)]</label>
							<label2>$LOCALIZE[21895]:</label2>
							<onclick>noop</onclick>
							<visible>!IsEmpty(ListItem.Property(Album_Theme))</visible>
						</item>
						<item>
							<label>$INFO[ListItem.Property(Album_Type)]</label>
							<label2>$LOCALIZE[564]:</label2>
							<onclick>noop</onclick>
							<visible>!IsEmpty(ListItem.Property(Album_Type))</visible>
						</item>
						<item>
							<label>$INFO[ListItem.Property(Artist_Born)]</label>
							<label2>$LOCALIZE[21893]:</label2>
							<onclick>noop</onclick>
							<visible>!IsEmpty(ListItem.Property(Artist_Born))</visible>
						</item>
						<item>
							<label>$INFO[ListItem.Property(Artist_Formed)]</label>
							<label2>$LOCALIZE[21894]:</label2>
							<onclick>noop</onclick>
							<visible>!IsEmpty(ListItem.Property(Artist_Formed))</visible>
						</item>
						<item>
							<label>$INFO[ListItem.Property(Artist_Mood)]</label>
							<label2>$LOCALIZE[175]:</label2>
							<onclick>noop</onclick>
							<visible>!IsEmpty(ListItem.Property(Artist_Mood))</visible>
						</item>
						<item>
							<label>$INFO[ListItem.Property(Artist_Style)]</label>
							<label2>$LOCALIZE[176]:</label2>
							<onclick>noop</onclick>
							<visible>!IsEmpty(ListItem.Property(Artist_Style))</visible>
						</item>
						<item>
							<label>$INFO[ListItem.Property(Artist_Instrument)]</label>
							<label2>$LOCALIZE[21892]:</label2>
							<onclick>noop</onclick>
							<visible>!IsEmpty(ListItem.Property(Artist_Instrument))</visible>
						</item>
						<item>
							<label>$INFO[ListItem.Property(Artist_Died)]</label>
							<label2>$LOCALIZE[21897]:</label2>
							<onclick>noop</onclick>
							<visible>!IsEmpty(ListItem.Property(Artist_Died))</visible>
						</item>
						<item>
							<label>$INFO[ListItem.Property(Artist_Disbanded)]</label>
							<label2>$LOCALIZE[21896]:</label2>
							<onclick>noop</onclick>
							<visible>!IsEmpty(ListItem.Property(Artist_Disbanded))</visible>
						</item>
						<item>
							<label>$INFO[ListItem.Property(Artist_YearsActive)]</label>
							<label2>$LOCALIZE[21898]:</label2>
							<onclick>noop</onclick>
							<visible>!IsEmpty(ListItem.Property(Artist_YearsActive))</visible>
						</item>
						<item>
							<label>$INFO[ListItem.Path]</label>
							<label2>$LOCALIZE[573]:</label2>
							<onclick>Dialog.Close(albuminformation)</onclick>
							<onclick>ActivateWindow(Music,$INFO[ListItem.Path],return)</onclick>
							<visible>!IsEmpty(ListItem.Path)</visible>
						</item>
						<item>
							<label>$INFO[ListItem.Filename]</label>
							<label2>$LOCALIZE[21800]:</label2>
							<onclick>noop</onclick>
							<visible>!IsEmpty(ListItem.Filename)</visible>
						</item>
						<item>
							<label>$INFO[ListItem.PlayCount]</label>
							<label2>$LOCALIZE[567]:</label2>
							<onclick>noop</onclick>
							<visible>!IsEmpty(ListItem.PlayCount)</visible>
						</item>
						<item>
							<label>$INFO[ListItem.PercentPlayed,,%]</label>
							<label2 fallback="-">$LOCALIZE[575]:</label2>
							<onclick>noop</onclick>
							<visible>ListItem.IsResumable</visible>
						</item>
						<item>
							<label>$INFO[ListItem.LastPlayed]</label>
							<label2 fallback="-">$LOCALIZE[568]:</label2>
							<onclick>noop</onclick>
							<visible>!IsEmpty(ListItem.LastPlayed)</visible>
						</item>
					</content>
				</control>
				<control type="grouplist" id="9001">
					<left>-36</left>
					<top>550</top>
					<width>1190</width>
					<height>420</height>
					<onup>9000</onup>
					<ondown>noop</ondown>
					<pagecontrol>70</pagecontrol>
					<scrolltime tween="quadratic" easing="out">300</scrolltime>
					<control type="group" id="90017">
						<left>0</left>
						<top>0</top>
						<width>1190</width>
						<height>420</height>
						<control type="button" id="900171">
							<description>FS Plot</description>
							<texturenofocus />
							<width>1186</width>
							<height>420</height>
							<label />
							<onup>9000</onup>
							<ondown>50</ondown>
							<include>ButtonInfoDialogsCommonValues</include>
							<onclick condition="Container.Content(artists) | Container.Content(albums)">SetProperty(TextViewerHeader,$ESCINFO[ListItem.Artist,[B],[/B]],Home)</onclick>
							<onclick condition="Container.Content(albums)">SetProperty(TextViewerSubHeader,$ESCINFO[ListItem.Album,[I],[/I]],Home)</onclick>
							<onclick condition="Container.Content(albums)">SetProperty(TextViewerContent,$ESCINFO[ListItem.Property(Album_Description)],home)</onclick>
							<onclick condition="Container.Content(artists)">SetProperty(TextViewerContent,$ESCINFO[ListItem.Property(Artist_Description)],home)</onclick>
							<onclick>ActivateWindow(1112)</onclick>
						</control>
						<control type="textbox" id="4">
							<description>Plot</description>
							<left>36</left>
							<top>10</top>
							<width>1132</width>
							<height>400</height>
							<font>font15_textbox</font>
							<align>left</align>
							<textcolor>white</textcolor>
							<pagecontrol>-</pagecontrol>
							<autoscroll time="3000" delay="6000" repeat="6000">Skin.HasSetting(Enable.AutoScroll)</autoscroll>
							<animation effect="fade" start="0" end="100" time="500" tween="sine" easing="inout">VisibleChange</animation>
							<animation effect="fade" start="100" end="78" time="300" tween="sine" easing="inout" condition="!Control.HasFocus(900171)">Conditional</animation>
						</control>
					</control>
					<control type="panel" id="50">
						<left>-36</left>
						<top>550</top>
						<width>1186</width>
						<height>420</height>
						<onleft>50</onleft>
						<onright>50</onright>
						<ondown>90011</ondown>
						<viewtype label="">list</viewtype>
						<pagecontrol>61</pagecontrol>
						<scrolltime tween="quadratic" easing="out">200</scrolltime>
						<orientation>horizontal</orientation>
						<itemlayout height="84" width="593" condition="Container.Content(artists)">
							<control type="image">
								<top>24</top>
								<width>593</width>
								<height>60</height>
								<texture border="1">separator2.png</texture>
							</control>
							<control type="label">
								<width>593</width>
								<height>84</height>
								<font>font15</font>
								<textoffsetx>36</textoffsetx>
								<textcolor>grey</textcolor>
								<selectedcolor>$VAR[ThemeLabelColor]</selectedcolor>
								<label>$INFO[ListItem.Label]</label>
							</control>
							<control type="label">
								<width>593</width>
								<height>84</height>
								<font>font15</font>
								<textoffsetx>15</textoffsetx>
								<textcolor>grey</textcolor>
								<align>right</align>
								<selectedcolor>$VAR[ThemeLabelColor]</selectedcolor>
								<label>$INFO[ListItem.Label2]</label>
							</control>
						</itemlayout>
						<focusedlayout height="84" width="593" condition="Container.Content(artists)">
							<control type="image">
								<top>24</top>
								<width>593</width>
								<height>60</height>
								<texture border="1">separator2.png</texture>
							</control>
							<control type="image">
								<width>593</width>
								<height>84</height>
								<texture border="5">listselect_fo.png</texture>
								<visible>Control.HasFocus(50)</visible>
								<include>VisibleFadeEffect</include>
							</control>
							<control type="label">
								<width>593</width>
								<height>84</height>
								<font>font15</font>
								<textoffsetx>36</textoffsetx>
								<textcolor>white</textcolor>
								<selectedcolor>$VAR[ThemeLabelColor]</selectedcolor>
								<label>$INFO[ListItem.Label]</label>
								<animation effect="fade" start="100" end="40" time="300" tween="sine" easing="inout" condition="!Control.HasFocus(50)">Conditional</animation>
							</control>
							<control type="label">
								<width>593</width>
								<height>84</height>
								<font>font15</font>
								<textoffsetx>15</textoffsetx>
								<align>right</align>
								<selectedcolor>$VAR[ThemeLabelColor]</selectedcolor>
								<label>$INFO[ListItem.Label2]</label>
								<animation effect="fade" start="100" end="40" time="300" tween="sine" easing="inout" condition="!Control.HasFocus(50)">Conditional</animation>
							</control>
						</focusedlayout>
						<itemlayout height="84" width="593" condition="Container.Content(albums)">
							<control type="image">
								<top>24</top>
								<width>593</width>
								<height>60</height>
								<texture border="1">separator2.png</texture>
							</control>
							<control type="label">
								<width>593</width>
								<height>84</height>
								<font>font15</font>
								<textoffsetx>36</textoffsetx>
								<textcolor>grey</textcolor>
								<selectedcolor>$VAR[ThemeLabelColor]</selectedcolor>
								<label>$INFO[ListItem.Tracknumber,,: ]$INFO[ListItem.Label]</label>
							</control>
							<control type="label">
								<width>593</width>
								<height>84</height>
								<font>font15</font>
								<textoffsetx>15</textoffsetx>
								<textcolor>grey</textcolor>
								<align>right</align>
								<selectedcolor>$VAR[ThemeLabelColor]</selectedcolor>
								<label>$INFO[ListItem.Duration]</label>
							</control>
						</itemlayout>
						<focusedlayout height="84" width="593" condition="Container.Content(albums)">
							<control type="image">
								<top>24</top>
								<width>593</width>
								<height>60</height>
								<texture border="1">separator2.png</texture>
							</control>
							<control type="image">
								<width>593</width>
								<height>84</height>
								<texture border="5">listselect_fo.png</texture>
								<visible>Control.HasFocus(50)</visible>
								<include>VisibleFadeEffect</include>
							</control>
							<control type="label">
								<width>593</width>
								<height>84</height>
								<font>font15</font>
								<textoffsetx>36</textoffsetx>
								<textcolor>white</textcolor>
								<selectedcolor>$VAR[ThemeLabelColor]</selectedcolor>
								<label>$INFO[ListItem.Tracknumber,,: ]$INFO[ListItem.Label]</label>
								<animation effect="fade" start="100" end="40" time="300" tween="sine" easing="inout" condition="!Control.HasFocus(50)">Conditional</animation>
							</control>
							<control type="label">
								<width>593</width>
								<height>84</height>
								<font>font15</font>
								<textoffsetx>15</textoffsetx>
								<align>right</align>
								<selectedcolor>$VAR[ThemeLabelColor]</selectedcolor>
								<label>$INFO[ListItem.Duration]</label>
								<animation effect="fade" start="100" end="40" time="300" tween="sine" easing="inout" condition="!Control.HasFocus(50)">Conditional</animation>
							</control>
						</focusedlayout>
					</control>
				</control>
				<control type="scrollbar" id="70">
					<include>HiddenObject</include>
				</control>
				<control type="group" id="71">
					<left>0</left>
					<top>975</top>
					<visible>ControlGroup(9001).HasFocus</visible>
					<include>SettingsFadeEffect</include>
					<control type="label">
						<width>1190</width>
						<height>90</height>
						<aligny>center</aligny>
						<font>font15</font>
						<textcolor>grey</textcolor>
						<label>$VAR[AlbumInfoDetailsLabelVar]</label>
					</control>
					<control type="button">
						<left>1090</left>
						<top>20</top>
						<width>40</width>
						<height>25</height>
						<label />
						<texturenofocus border="1">android/numberpicker_up_normal_holo_dark.png</texturenofocus>
						<texturefocus border="1">android/numberpicker_up_longpressed_holo_dark.png</texturefocus>
						<onclick>PageUp(70)</onclick>
					</control>
					<control type="button">
						<left>1090</left>
						<top>50</top>
						<width>40</width>
						<height>25</height>
						<label />
						<texturenofocus border="1">android/numberpicker_down_normal_holo_dark.png</texturenofocus>
						<texturefocus border="1">android/numberpicker_down_longpressed_holo_dark.png</texturefocus>
						<onclick>PageDown(70)</onclick>
						<animation effect="fade" time="100">VisibleChange</animation>
						<visible>Container(9001).HasNext</visible>
					</control>
				</control>

			</control>
			<control type="group">
				<left>3</left>
				<top>0</top>
				<control type="image">
					<top>450</top>
					<width>594</width>
					<height>60</height>
					<texture border="1">separator2.png</texture>
					<visible>!IntegerGreaterThan(Container(300).NumItems,2)</visible>
				</control>
				<control type="image">
					<left>594</left>
					<top>450</top>
					<width>594</width>
					<height>60</height>
					<texture border="1">separator2.png</texture>
					<visible>!IntegerGreaterThan(Container(300).NumItems,5)</visible>
				</control>
				<control type="grouplist" id="9000">
					<left>1</left>
					<top>510</top>
					<width>1192</width>
					<height>60</height>
					<itemgap>0</itemgap>
					<onleft>9000</onleft>
					<onright>9000</onright>
					<onup>300</onup>
					<align>left</align>
					<ondown>9001</ondown>
					<orientation>horizontal</orientation>
					<control type="button" id="10">
						<description>Get Thumb</description>
						<include>ButtonInfoDialogsCommonValues</include>
						<label>13405</label>
						<enable>!Skin.HasSetting(KioskMode.Enabled)</enable>
					</control>
					<control type="image" id="202">
						<width>2</width>
						<height>58</height>
						<texture border="1">separator3.png</texture>
					</control>
					<control type="button" id="12">
						<description>Play Trailer</description>
						<include>ButtonInfoDialogsCommonValues</include>
						<label>20413</label>
						<enable>!Skin.HasSetting(KioskMode.Enabled)</enable>
					</control>
					<control type="image" id="203">
						<width>2</width>
						<height>58</height>
						<texture border="1">separator3.png</texture>
					</control>
					<control type="button" id="204">
						<description>filler</description>
						<width>508</width>
						<include>ButtonInfoDialogsCommonValues</include>
						<label>-</label>
						<onclick>noop</onclick>
						<enable>no</enable>
					</control>
					<control type="image" id="205">
						<width>2</width>
						<height>58</height>
						<texture border="1">separator3.png</texture>
					</control>
					<control type="button" id="6">
						<description>Refresh</description>
						<font>IconMedium</font>
						<width>80</width>
						<include>ButtonInfoDialogsCommonValues</include>
						<label></label>
						<enable>!Skin.HasSetting(KioskMode.Enabled)</enable>
					</control>
					<control type="image" id="206">
						<width>2</width>
						<height>58</height>
						<texture border="1">separator3.png</texture>
					</control>
					<control type="button" id="207">
						<description>Refresh</description>
						<font>IconMedium</font>
						<width>80</width>
						<include>ButtonInfoDialogsCommonValues</include>
						<label>+</label>
						<onclick>ActivateWindow(1119)</onclick>
						<enable>!Skin.HasSetting(KioskMode.Enabled)</enable>
					</control>
				</control>
			</control>
		</control>
	</controls>
</window>