<?xml version="1.0" encoding="UTF-8"?>
<!--========================================================================-->
<!--   ###	  ########	#######	 ##	   ##	 ##	   ##  #######	##	   ##	-->
<!--  ## ##	  ##	   ##	  ## ###   ##	 ###   ## ##	 ##	 ##	  ##	-->
<!--##	  ##  ##	   ##	  ## ####  ##	 ####  ## ##	 ##	  ## ##		-->
<!--##	   ## ######   ##	  ## ## ## ##	 ## ## ## ##	 ##	   ###		-->
<!--######### ##	   ##	  ## ##	 ####	 ##	 #### ##	 ##	  ## ##		-->
<!--##	   ## ##	   ##	  ## ##	  ###	 ##	  ### ##	 ##	 ##	  ##	-->
<!--##	   ## ########	#######	 ##	   ##	 ##	   ##  #######	##	   ##	-->
<!--========================================================================-->
<window>
	<defaultcontrol>10</defaultcontrol>
	<coordinates>
		<system>1</system>
		<left>211</left>
		<top>300</top>
	</coordinates>
	<include>dialogeffect</include>
	<controls>
		<control type="image">
			<description>background image</description>
			<left>0</left>
			<top>0</top>
			<width>1498</width>
			<height>480</height>
			<texture border="40">dialogs/default/bg.png</texture>
		</control>
		<control type="label" id="2">
			<description>header label</description>
			<left>30</left>
			<top>20</top>
			<width>1438</width>
			<height>50</height>
			<textoffsetx>15</textoffsetx>
			<font>font15_title</font>
			<label>$LOCALIZE[13406]</label>
			<align>center</align>
			<textcolor>dialogheader</textcolor>
		</control>
		<control type="label">
			<description>path label</description>
			<left>30</left>
			<top>72</top>
			<width>1140</width>
			<height>60</height>
			<align>left</align>
			<aligny>center</aligny>
			<textoffsetx>15</textoffsetx>
			<font>font14</font>
			<label>1021</label>
			<textcolor>grey3</textcolor>
		</control>
		<control type="group">
			<left>30</left>
			<top>132</top>
			<control type="image">
				<width>788</width>
				<height>182</height>
				<texture border="5">dialogs/default/inner.png</texture>
			</control>
			<control type="list" id="10">
				<left>1</left>
				<top>2</top>
				<width>786</width>
				<height>180</height>
				<onup>12</onup>
				<onleft>9001</onleft>
				<onright>60</onright>
				<ondown>12</ondown>
				<pagecontrol>60</pagecontrol>
				<scrolltime tween="quadratic" easing="out">200</scrolltime>
				<itemlayout height="60">
					<control type="image">
						<left>0</left>
						<top>0</top>
						<width>786</width>
						<height>60</height>
						<texture border="1">separator2.png</texture>
					</control>
					<control type="label">
						<left>0</left>
						<top>0</top>
						<width>735</width>
						<height>60</height>
						<font>font14</font>
						<align>left</align>
						<aligny>center</aligny>
						<textoffsetx>15</textoffsetx>
						<textcolor>grey2</textcolor>
						<selectedcolor>tomato</selectedcolor>
						<info>ListItem.Label</info>
					</control>
				</itemlayout>
				<focusedlayout height="60">
					<control type="image">
						<left>0</left>
						<top>0</top>
						<width>786</width>
						<height>60</height>
						<texture border="1">separator2.png</texture>
					</control>
					<control type="image">
						<left>0</left>
						<top>0</top>
						<width>786</width>
						<height>60</height>
						<texture border="5">listselect_fo.png</texture>
						<visible>Control.HasFocus(10)</visible>
						<include>VisibleFadeEffect</include>
					</control>
					<control type="label">
						<left>0</left>
						<top>0</top>
						<width>735</width>
						<height>60</height>
						<font>font14</font>
						<align>left</align>
						<aligny>center</aligny>
						<textoffsetx>15</textoffsetx>
						<selectedcolor>tomato</selectedcolor>
						<info>ListItem.Label</info>
					</control>
				</focusedlayout>
			</control>
			<control type="scrollbar" id="60">
				<left>790</left>
				<top>2</top>
				<width>8</width>
				<height>180</height>
				<texturesliderbackground>scrollbar/texturesliderbackground3.png</texturesliderbackground>
				<texturesliderbar colordiffuse="55ffffff" border="4">scrollbar/texturesliderbar3.png</texturesliderbar>
				<texturesliderbarfocus border="4">scrollbar/texturesliderbar3.png</texturesliderbarfocus>
				<onleft>10</onleft>
				<onright>9000</onright>
				<showonepage>false</showonepage>
				<orientation>vertical</orientation>
			</control>
		</control>
		<control type="group">
			<left>832</left>
			<top>132</top>
			<control type="image">
				<width>312</width>
				<height>182</height>
				<texture border="5">dialogs/default/inner.png</texture>
			</control>
			<control type="grouplist" id="9000">
				<left>1</left>
				<top>2</top>
				<onup>12</onup>
				<ondown>12</ondown>
				<onleft>60</onleft>
				<onright>9001</onright>
				<control type="button" id="11">
					<description>Browse Button</description>
					<width>310</width>
					<label>1024</label>
					<font>font14</font>
				</control>
				<control type="button" id="13">
					<description>Add Path Button</description>
					<width>310</width>
					<label>15019</label>
					<font>font14</font>
				</control>
				<control type="button" id="14">
					<description>Remove Path Button</description>
					<width>310</width>
					<label>1210</label>
					<font>font14</font>
				</control>
			</control>
		</control>
		<control type="group">
			<left>1156</left>
			<top>132</top>
			<control type="image">
				<width>312</width>
				<height>316</height>
				<texture border="5">dialogs/default/inner.png</texture>
			</control>
			<control type="grouplist" id="9001">
				<left>1</left>
				<top>2</top>
				<onup>9001</onup>
				<onleft>9000</onleft>
				<onright>10</onright>
				<ondown>9001</ondown>
				<control type="button" id="18">
					<description>Ok Button</description>
					<width>310</width>
					<textcolor>grey2</textcolor>
					<focusedcolor>white</focusedcolor>
					<label>186</label>
					<font>font15</font>
				</control>
				<control type="button" id="19">
					<description>Cancel Button</description>
					<width>310</width>
					<textcolor>grey2</textcolor>
					<focusedcolor>white</focusedcolor>
					<label>222</label>
					<font>font15</font>
				</control>
			</control>
		</control>
		<control type="group">
			<left>30</left>
			<top>328</top>
			<control type="label">
				<description>Name label</description>
				<width>1114</width>
				<height>60</height>
				<aligny>center</aligny>
				<textoffsetx>15</textoffsetx>
				<font>font14</font>
				<label>1022</label>
				<textcolor>grey3</textcolor>
			</control>
			<control type="edit" id="12">
				<description>Name Button</description>
				<left>0</left>
				<top>60</top>
				<width>1114</width>
				<height>60</height>
				<align>center</align>
				<aligny>center</aligny>
				<label>-</label>
				<font>font14</font>
				<onup>10</onup>
				<onleft>12</onleft>
				<onright>19</onright>
				<ondown>9001</ondown>
				<texturefocus border="5">Listselect_fo.png</texturefocus>
				<texturenofocus border="5">dialogs/default/inner.png</texturenofocus>
			</control>
		</control>
	</controls>
</window>