<?xml version="1.0" encoding="UTF-8"?>
<window>
	<defaultcontrol always="true">5</defaultcontrol>
	<include>SlideOutRightAnimation</include>
	<controls>
		<control type="image">
			<left>1300</left>
			<top>0</top>
			<width>620</width>
			<height>1080</height>
			<texture border="40" flipx="true">mediamenu_back.png</texture>
		</control>
		<control type="image">
			<description>LOGO</description>
			<left>1332</left>
			<top>0</top>
			<width>588</width>
			<height>120</height>
			<aspectratio>keep</aspectratio>
			<texture>aeon-nox-logo.png</texture>
		</control>
		<control type="grouplist">
			<description>control area</description>
			<left>1332</left>
			<top>100</top>
			<width>588</width>
			<height>1080</height>
			<itemgap>0</itemgap>
			<onup>5</onup>
			<ondown>27</ondown>
			<onleft>noop</onleft>
			<onright>noop</onright>
			<control type="label" id="2">
				<width>588</width>
				<height>60</height>
				<textoffsetx>15</textoffsetx>
				<font>font13_title</font>
				<label>587</label>
				<textcolor>tomato</textcolor>
				<aligny>center</aligny>
			</control>
			<control type="grouplist" id="5">
				<description>control area</description>
				<width>588</width>
				<height>860</height>
				<itemgap>0</itemgap>
				<pagecontrol>6</pagecontrol>
			</control>
			<control type="button" id="28">
				<description>Ok Button</description>
				<width>588</width>
				<label>186</label>
			</control>
			<control type="button" id="27">
				<description>Clear Button</description>
				<width>588</width>
				<label>192</label>
			</control>
		</control>
		<control type="button" id="7">
			<description>Default Button</description>
		</control>
		<control type="radiobutton" id="8">
			<description>Default RadioButton</description>
		</control>
		<control type="spincontrolex" id="9">
			<description>Default SpinControlex</description>
			<reverse>yes</reverse>
		</control>
		<control type="sliderex" id="13">
			<description>Default Slider</description>
		</control>
		<control type="edit" id="12">
			<description>Default Edit</description>
		</control>
	</controls>
</window>