<?xml version="1.0" encoding="UTF-8"?>
<window>
	<onload condition="!StringCompare(Skin.String(CinemaVision.Button),$LOCALIZE[31232]) | !System.HasAddon(script.cinemavision)">SetFocus(8)</onload>
	<onload condition="StringCompare(Skin.String(CinemaVision.Button),$LOCALIZE[31232]) + System.HasAddon(script.cinemavision)">SetFocus(909)</onload>
	<onload condition="Skin.HasSetting(Enable.BlurredVideoInfo)">RunScript(script.colorbox,info=blur,id='"$VAR[PosterVar]"',radius=60,prefix=VideoInfo)</onload>
	<onunload>ClearProperty(ImageFilter,home)</onunload>
	<onload condition="Skin.HasSetting(Enable.ReplaceExtendedInfo) + [Container.Content(movies) | Container.Content(tvshows)]">Action(close)</onload>
	<onload condition="Skin.HasSetting(Enable.ReplaceExtendedInfo) + [Container.Content(movies) | Container.Content(tvshows)]">RunScript(script.extendedinfo,info=openinfodialog)</onload>
	<controls>
		<include condition="System.HasAddon(script.extendedinfo)">HiddenActorList</include>
		<control type="group">
			<visible>!Skin.HasSetting(Enable.ReplaceExtendedInfo) | [Container.Content(episodes)]</visible>
			<control type="group">
				<animation effect="slide" start="-729,0" end="0,0" time="500" tween="quadratic" condition="!Skin.HasSetting(Enable.BlurredVideoInfo)">WindowOpen</animation>
				<animation effect="slide" start="-729,0" end="0,0" delay="500" time="500" tween="quadratic" condition="Skin.HasSetting(Enable.BlurredVideoInfo)">WindowOpen</animation>
				<animation effect="slide" end="-729,0" time="500" tween="quadratic">WindowClose</animation>
				<animation effect="slide" start="-729,0" end="0,0" time="500" tween="quadratic" condition="![Window.IsVisible(script-ExtendedInfo Script-DialogVideoInfo.xml) | Window.IsVisible(script-ExtendedInfo Script-DialogInfo.xml)]">Conditional</animation>
				<animation effect="slide" end="-729,0" delay="250" time="700" tween="quadratic" condition="Window.IsVisible(script-ExtendedInfo Script-DialogVideoInfo.xml) | Window.IsVisible(script-ExtendedInfo Script-DialogInfo.xml)">Conditional</animation>
				<control type="image">
					<width>729</width>
					<height>1080</height>
					<aspectratio aligny="top">stretch</aspectratio>
					<texture background="true" fallback="black.png">$VAR[PosterVar]</texture>
				</control>
			</control>
			<control type="group">
				<animation effect="slide" start="1242,0" end="0,0" time="500" tween="quadratic" condition="!Skin.HasSetting(Enable.BlurredVideoInfo)">WindowOpen</animation>
				<animation effect="slide" start="1242,0" end="0,0" delay="500" time="500" tween="quadratic" condition="Skin.HasSetting(Enable.BlurredVideoInfo)">WindowOpen</animation>
				<animation effect="slide" end="1242,0" time="500" tween="quadratic">WindowClose</animation>
				<animation effect="slide" start="1242,0" end="0,0" time="500" tween="quadratic" condition="![Window.IsVisible(script-ExtendedInfo Script-DialogVideoInfo.xml) | Window.IsVisible(script-ExtendedInfo Script-DialogInfo.xml)]">Conditional</animation>
				<animation effect="slide" end="1242,0" time="500" tween="quadratic" condition="Window.IsVisible(script-ExtendedInfo Script-DialogVideoInfo.xml) | Window.IsVisible(script-ExtendedInfo Script-DialogInfo.xml)">Conditional</animation>
				<left>729</left>
				<control type="image">
					<width>1192</width>
					<height>1080</height>
					<texture>black.png</texture>
				</control>
				<control type="image">
					<width>1192</width>
					<height>1080</height>
					<aspectratio align="center">scale</aspectratio>
					<texture background="true">$INFO[ListItem.Art(fanart)]</texture>
					<visible>!Skin.HasSetting(Enable.BlurredVideoInfo)</visible>
				</control>
				<control type="image">
					<width>1192</width>
					<height>1080</height>
					<aspectratio align="center">scale</aspectratio>
					<texture background="true">$INFO[Window(home).Property(VideoInfo.ImageFilter)]</texture>
					<fadetime>400</fadetime>
					<visible>Skin.HasSetting(Enable.BlurredVideoInfo)</visible>
				</control>
				<control type="image">
					<width>1192</width>
					<height>1080</height>
					<texture border="4">dialogs/info/info_rightpaneltop.png</texture>
					<animation effect="fade" start="100" end="55" time="0" condition="true">Conditional</animation>
					<visible>Skin.HasSetting(Enable.BlurredVideoInfo)</visible>
				</control>
				<control type="image">
					<width>1192</width>
					<height>1080</height>
					<texture colordiffuse="F2FFFFFF" border="4">dialogs/info/info_rightpaneltop.png</texture>
					<visible>!Skin.HasSetting(Enable.BlurredVideoInfo)</visible>
				</control>
				<control type="group">
					<left>40</left>
					<top>20</top>
					<width>1042</width>
					<height>854</height>
					<control type="grouplist">
						<top>-20</top>
						<width>1100</width>
						<height>110</height>
						<itemgap>0</itemgap>
						<align>center</align>
						<control type="label">
							<width>1100</width>
							<height>60</height>
							<aligny>center</aligny>
							<align>left</align>
							<font>font30_title_bold</font>
							<textcolor>grey</textcolor>
							<scroll>true</scroll>
							<label>$INFO[ListItem.Title]</label>
						</control>
						<control type="label">
							<width>1100</width>
							<height>30</height>
							<aligny>center</aligny>
							<align>left</align>
							<font>font15</font>
							<textcolor>tomato</textcolor>
							<scroll>true</scroll>
							<label>$INFO[ListItem.Tagline]</label>
							<visible>!IsEmpty(ListItem.Tagline)</visible>
						</control>
						<control type="label">
							<width>1100</width>
							<height>30</height>
							<aligny>center</aligny>
							<align>left</align>
							<font>font15</font>
							<textcolor>tomato</textcolor>
							<scroll>true</scroll>
							<label>$INFO[Window(Home).Property(NextAired.Status)]</label>
							<visible>Container.Content(tvshows) + !IsEmpty(Window(Home).Property(NextAired.Status))</visible>
						</control>
						<control type="label">
							<width>1100</width>
							<height>30</height>
							<aligny>center</aligny>
							<align>left</align>
							<font>font15</font>
							<textcolor>tomato</textcolor>
							<scroll>true</scroll>
							<label>$INFO[ListItem.TvShowTitle]</label>
							<visible>Container.Content(episodes) + !IsEmpty(ListItem.TvShowTitle)</visible>
						</control>
						<control type="label">
							<width>1100</width>
							<height>30</height>
							<aligny>center</aligny>
							<align>left</align>
							<font>font15</font>
							<textcolor>tomato</textcolor>
							<scroll>true</scroll>
							<label>$INFO[ListItem.Artist]</label>
							<visible>Container.Content(musicvideos) + !IsEmpty(ListItem.Artist)</visible>
						</control>
					</control>
					<control type="image">
						<left>-37</left>
						<top>36</top>
						<width>1188</width>
						<height>60</height>
						<texture border="1">separator2.png</texture>
					</control>
					<control type="grouplist">
						<left>0</left>
						<top>95</top>
						<width>1188</width>
						<height>90</height>
						<itemgap>0</itemgap>
						<align>left</align>
						<orientation>horizontal</orientation>
						<control type="label">
							<width>140</width>
							<height>90</height>
							<align>left</align>
							<label>$INFO[ListItem.Year]</label>
							<font>font35_title_bold</font>
							<textcolor>grey</textcolor>
							<visible>!Container.Content(episodes)</visible>
						</control>
						<control type="label">
							<width min="198" max="300">auto</width>
							<height>90</height>
							<align>left</align>
							<label>$VAR[EpisodeCountVar]</label>
							<font>font35_title_bold</font>
							<textcolor>grey</textcolor>
							<visible>Container.Content(episodes)</visible>
						</control>
						<control type="image">
							<width>2</width>
							<height>88</height>
							<texture border="1">separator3.png</texture>
						</control>
						<control type="group">
							<width>198</width>
							<visible>!Skin.HasSetting(coloredflags)</visible>
							<control type="image" id="800011">
								<colordiffuse>grey</colordiffuse>
								<width>198</width>
								<include>MediaFlagVars</include>
								<bordersize>2</bordersize>
								<texture>$INFO[ListItem.Studio,resource://resource.images.studios.white/,.png]</texture>
							</control>
							<control type="label">
								<left>0</left>
								<width>198</width>
								<height>90</height>
								<align>center</align>
								<label>$INFO[ListItem.Studio]</label>
								<font>font10</font>
								<textcolor>grey</textcolor>
								<wrapmultiline>true</wrapmultiline>
								<visible>IsEmpty(Control.GetLabel(800011))</visible>
							</control>
						</control>
						<control type="group">
							<width>198</width>
							<visible>Skin.HasSetting(coloredflags)</visible>
							<control type="image" id="800012">
								<colordiffuse>grey</colordiffuse>
								<width>198</width>
								<include>MediaFlagVars</include>
								<bordersize>2</bordersize>
								<texture>$INFO[ListItem.Studio,resource://resource.images.studios.coloured/,.png]</texture>
							</control>
							<control type="label">
								<left>0</left>
								<width>198</width>
								<height>90</height>
								<align>center</align>
								<label>$INFO[ListItem.Studio]</label>
								<font>font10</font>
								<textcolor>grey</textcolor>
								<wrapmultiline>true</wrapmultiline>
								<visible>IsEmpty(Control.GetLabel(800012))</visible>
							</control>
						</control>
						<control type="image">
							<width>2</width>
							<height>88</height>
							<texture border="1">separator3.png</texture>
						</control>
						<control type="image">
							<width>198</width>
							<colordiffuse>grey</colordiffuse>
							<include>MediaFlagVars</include>
							<texture fallback="flags/mpaa/NR.png">$VAR[RatingFlagVar]</texture>
							<visible>!Skin.HasSetting(coloredflags)</visible>
						</control>
						<control type="image">
							<width>198</width>
							<colordiffuse>grey</colordiffuse>
							<include>MediaFlagVars</include>
							<texture fallback="flags/colored/rating/NR.png">$VAR[ColoredRatingFlagVar]</texture>
							<visible>Skin.HasSetting(coloredflags) + !Skin.HasSetting(Enable.MPAAInfoRating)</visible>
						</control>
						<control type="image">
							<width>255</width>
							<include>MediaFlagVars</include>
							<aspectratio align="center">keep</aspectratio>
							<texture fallback="flags/colored/rating/info/MPAA_NR_Certificate_US.png">$VAR[ColoredRatingInfoFlagVar]</texture>
							<visible>Skin.HasSetting(coloredflags) + Skin.HasSetting(Enable.MPAAInfoRating)</visible>
						</control>
						<control type="image">
							<width>2</width>
							<height>88</height>
							<texture border="1">separator3.png</texture>
							<visible>![Container.Content(tvshows) + Skin.HasSetting(Disable.NextAired)]</visible>
						</control>
						<control type="group">
							<width>160</width>
							<visible>![Container.Content(tvshows) + Skin.HasSetting(Disable.NextAired)]</visible>
							<control type="label">
								<left>0</left>
								<top>2</top>
								<width>160</width>
								<height>60</height>
								<align>center</align>
								<label>$VAR[DurationVar]</label>
								<font>font48_bold</font>
								<textcolor>grey</textcolor>
								<visible>!Skin.HasSetting(Enable.HourMinuteDuration) | Container.Content(tvshows)</visible>
							</control>
							<control type="label">
								<left>0</left>
								<top>12</top>
								<width>160</width>
								<height>60</height>
								<align>center</align>
								<label>$VAR[ListItemDurationVar]</label>
								<font>font48_bold</font>
								<textcolor>grey</textcolor>
								<visible>Skin.HasSetting(Enable.HourMinuteDuration) + [Container.Content(movies) | Container.Content(episodes)]</visible>
							</control>
							<control type="label">
								<top>52</top>
								<width>160</width>
								<height>30</height>
								<align>center</align>
								<label>[LOWERCASE]$LOCALIZE[12391][/LOWERCASE]</label>
								<font>font12</font>
								<textcolor>grey</textcolor>
								<visible>!Skin.HasSetting(Enable.HourMinuteDuration) | Container.Content(tvshows)</visible>
							</control>
						</control>
						<control type="image">
							<width>2</width>
							<height>88</height>
							<texture border="1">separator3.png</texture>
						</control>
						<control type="group">
							<visible>!IsEmpty(ListItem.Rating) + IsEmpty(ListItem.UserRating)</visible>
							<width>200</width>
							<control type="label">
								<left>0</left>
								<top>2</top>
								<width>200</width>
								<height>60</height>
								<align>center</align>
								<label>$INFO[ListItem.Rating]</label>
								<font>font48_bold</font>
								<textcolor>grey</textcolor>
							</control>
							<control type="label">
								<top>52</top>
								<width>200</width>
								<height>30</height>
								<align>center</align>
								<label>[LOWERCASE]$VAR[RatingAndVotesVar][/LOWERCASE]</label>
								<font>font12</font>
								<textcolor>grey</textcolor>
							</control>
						</control>
						<control type="image">
							<width>2</width>
							<height>88</height>
							<texture border="1">separator3.png</texture>
							<visible>!IsEmpty(ListItem.Rating) + IsEmpty(ListItem.UserRating)</visible>
					</control>
					<control type="group">
						<visible>!IsEmpty(ListItem.UserRating)</visible>
						<width>120</width>
						<control type="label">
							<left>0</left>
							<top>2</top>
							<width>120</width>
							<height>60</height>
							<align>center</align>
							<label>$INFO[ListItem.UserRating]</label>
							<font>font48_bold</font>
							<textcolor>grey</textcolor>
						</control>
						<control type="label">
							<top>52</top>
							<width>120</width>
							<height>30</height>
							<align>center</align>
							<label>[LOWERCASE]$LOCALIZE[31146][/LOWERCASE]</label>
							<font>font12</font>
							<textcolor>grey</textcolor>
						</control>
					</control>
					<control type="image">
						<width>2</width>
						<height>90</height>
						<texture border="1">separator3.png</texture>
						<visible>!IsEmpty(ListItem.UserRating)</visible>
					</control>
					<control type="group">
							<visible>!IsEmpty(ListItem.Top250)</visible>
							<width>200</width>
							<control type="label">
								<left>0</left>
								<top>2</top>
								<width>200</width>
								<height>60</height>
								<align>center</align>
								<label>$INFO[ListItem.Top250,#]</label>
								<font>font48_bold</font>
								<wrapmultiline>true</wrapmultiline>
								<textcolor>grey</textcolor>
							</control>
							<control type="label">
								<top>52</top>
								<width>200</width>
								<height>30</height>
								<align>center</align>
								<label>[LOWERCASE]$LOCALIZE[13409][/LOWERCASE]</label>
								<font>font12</font>
								<textcolor>grey</textcolor>
							</control>
						</control>
						<control type="image">
							<width>2</width>
							<height>88</height>
							<texture border="1">separator3.png</texture>
							<visible>!IsEmpty(ListItem.Top250)</visible>
						</control>
					</control>
					<control type="image">
						<left>-37</left>
						<top>124</top>
						<width>1188</width>
						<height>60</height>
						<texture border="1">separator2.png</texture>
					</control>
					<control type="panel" id="300">
						<left>-36</left>
						<top>184</top>
						<width>1188</width>
						<height>306</height>
						<onup>4002</onup>
						<ondown>9000</ondown>
						<orientation>horizontal</orientation>
						<scrolltime tween="quadratic" easing="out">200</scrolltime>
						<itemlayout height="102" width="594">
							<control type="image">
								<top>42</top>
								<width>594</width>
								<height>60</height>
								<texture border="1">separator2.png</texture>
							</control>
							<control type="label">
								<top>50</top>
								<width>594</width>
								<height>40</height>
								<font>font15</font>
								<textcolor>grey</textcolor>
								<selectedcolor>tomato</selectedcolor>
								<label>$INFO[ListItem.Label]</label>
								<textoffsetx>36</textoffsetx>
							</control>
							<control type="label">
								<top>5</top>
								<width>594</width>
								<height>40</height>
								<font>font15</font>
								<textcolor>tomato</textcolor>
								<selectedcolor>$VAR[ThemeLabelColor]</selectedcolor>
								<label>$INFO[ListItem.Label2]</label>
								<textoffsetx>36</textoffsetx>
							</control>
						</itemlayout>
						<focusedlayout height="102" width="594">
							<control type="image">
								<top>42</top>
								<width>594</width>
								<height>60</height>
								<texture border="1">separator2.png</texture>
							</control>
							<control type="image">
								<top>1</top>
								<width>594</width>
								<height>97</height>
								<texture border="4">listselect_fo.png</texture>
								<visible>Control.HasFocus(300)</visible>
								<include>VisibleFadeEffect</include>
							</control>
							<control type="label">
								<top>50</top>
								<width>594</width>
								<height>40</height>
								<font>font15</font>
								<textcolor>white</textcolor>
								<selectedcolor>tomato</selectedcolor>
								<label>$INFO[ListItem.Label]</label>
								<animation effect="fade" start="100" end="70" time="300" tween="sine" easing="inout" condition="!Control.HasFocus(300)">Conditional</animation>
								<textoffsetx>36</textoffsetx>
							</control>
							<control type="label">
								<top>5</top>
								<width>594</width>
								<height>40</height>
								<font>font15</font>
								<textcolor>white</textcolor>
								<selectedcolor>tomato</selectedcolor>
								<label>$INFO[ListItem.Label2]</label>
								<animation effect="fade" start="100" end="70" time="300" tween="sine" easing="inout" condition="!Control.HasFocus(300)">Conditional</animation>
								<textoffsetx>36</textoffsetx>
							</control>
						</focusedlayout>
						<content>
							<item>
								<label>$INFO[ListItem.OriginalTitle]</label>
								<label2>$LOCALIZE[20376]:</label2>
								<onclick>noop</onclick>
								<visible>!IsEmpty(ListItem.OriginalTitle) + !StringCompare(ListItem.OriginalTitle,ListItem.Title)</visible>
							</item>
							<item>
								<label>$INFO[ListItem.Director]</label>
								<label2>$LOCALIZE[20339]:</label2>
								<onclick condition="System.HasAddon(script.extendedinfo)">SetProperty(DirectorID,True)</onclick>
								<onclick condition="System.HasAddon(script.extendedinfo)">SetProperty(ActorName,$INFO[ListItem.Director])</onclick>
								<onclick condition="System.HasAddon(script.extendedinfo)">ActivateWindow(1129)</onclick>
								<onclick condition="!System.HasAddon(script.extendedinfo)">SendClick(2003,13)</onclick>
								<visible>!IsEmpty(ListItem.Director)</visible>
							</item>
							<!-- <item>
								<label>$INFO[ListItem.Director]</label>
								<label2>$LOCALIZE[20339]:</label2>
								<onclick condition="System.HasAddon(script.extendedinfo)">RunScript(script.toolbox,info=yesnodialog,header=$LOCALIZE[22080],text=$LOCALIZE[31119],yesaction=SendClick(2003,13),noaction=RunScript(script.extendedinfo,info=extendedactorinfo,name=$INFO[ListItem.Director]),yeslabel=$LOCALIZE[14022],nolabel=$LOCALIZE[31120])</onclick>
								<onclick condition="!System.HasAddon(script.extendedinfo)">SendClick(2003,13)</onclick>
								<visible>!IsEmpty(ListItem.Director)</visible>
							</item> -->
							<item>
								<label>$INFO[ListItem.Writer]</label>
								<label2>$LOCALIZE[20417]:</label2>
								<onclick>SetProperty(TextViewerHeader,$LOCALIZE[20417],Home)</onclick>
								<onclick>SetProperty(TextViewerContent,$ESCINFO[ListItem.Writer],Home)</onclick>
								<onclick>ActivateWindow(1112)</onclick>
								<visible>!IsEmpty(ListItem.Writer)</visible>
							</item>
							<item>
								<label>$INFO[Window(Home).Property(NextAired.NextNumber),, - ]$INFO[Window(Home).Property(NextAired.NextTitle)]</label>
								<label2>$LOCALIZE[31010]:</label2>
								<onclick>noop</onclick>
								<visible>Container.Content(tvshows) + !IsEmpty(Window(Home).Property(NextAired.NextDate))</visible>
							</item>
							<item>
								<label>$INFO[Window(Home).Property(NextAired.LatestNumber),, - ]$INFO[Window(Home).Property(NextAired.LatestTitle)]</label>
								<label2>$LOCALIZE[31011]:</label2>
								<onclick>noop</onclick>
								<visible>Container.Content(tvshows) + !IsEmpty(Window(Home).Property(NextAired.LatestDate)) + IsEmpty(Window(Home).Property(NextAired.NextDate))</visible>
							</item>
							<item>
								<label>$INFO[Window(Home).Property(NextAired.NextDate),, | ]$INFO[Window(Home).Property(NextAired.AirTime)]</label>
								<label2>$LOCALIZE[31012]:</label2>
								<onclick>noop</onclick>
								<visible>Container.Content(tvshows) + !IsEmpty(Window(Home).Property(NextAired.NextDate))</visible>
							</item>
							<item>
								<label>$INFO[ListItem.Genre]</label>
								<label2>$LOCALIZE[515]:</label2>
								<onclick>noop</onclick>
								<visible>!IsEmpty(ListItem.Genre)</visible>
							</item>
							<item>
								<label>$INFO[ListItem.Premiered]</label>
								<label2>$LOCALIZE[20416]:</label2>
								<onclick>noop</onclick>
								<visible>!IsEmpty(ListItem.Premiered)</visible>
							</item>
							<item>
								<label>$INFO[Window(Home).Property(SkinHelper.TMDB.Budget.mln),$, Million]</label>
								<label2>$ADDON[script.extendedinfo 32109]:</label2>
								<onclick>noop</onclick>
								<visible>!IsEmpty(Window(Home).Property(SkinHelper.TMDB.Budget.mln)) + Container.Content(movies)</visible>
							</item>
							<item>
								<label>$INFO[Window(Home).Property(SkinHelper.TMDB.Revenue.mln),$, Million]</label>
								<label2>$ADDON[script.extendedinfo 32108]:</label2>
								<onclick>noop</onclick>
								<visible>!IsEmpty(Window(Home).Property(SkinHelper.TMDB.Revenue.mln)) + Container.Content(movies)</visible>
							</item>
							<item>
								<label>$INFO[Window(Home).Property(SkinHelper.RottenTomatoesRating),,%]</label>
								<label2>$LOCALIZE[31271]</label2>
								<onclick>noop</onclick>
								<visible>!IsEmpty(Window(Home).Property(SkinHelper.RottenTomatoesRating)) + Container.Content(movies)</visible>
							</item>
							<item>
								<label>$INFO[Window(Home).Property(SkinHelper.RottenTomatoesAwards)]</label>
								<label2>$LOCALIZE[31272]</label2>
								<onclick>noop</onclick>
								<visible>!IsEmpty(Window(Home).Property(SkinHelper.RottenTomatoesAwards)) + Container.Content(movies)</visible>
							</item>
							<item>
								<label>$INFO[ListItem.Country]</label>
								<label2>$LOCALIZE[574]:</label2>
								<onclick>noop</onclick>
								<visible>!IsEmpty(ListItem.Country)</visible>
							</item>
							<item>
								<label>$INFO[Window(Home).Property(NextAired.Country)]</label>
								<label2>$LOCALIZE[574]:</label2>
								<onclick>noop</onclick>
								<visible>Container.Content(tvshows) + !IsEmpty(Window(Home).Property(NextAired.Country))</visible>
							</item>
							<item>
								<label>$INFO[ListItem.DateAdded]</label>
								<label2>$LOCALIZE[570]:</label2>
								<onclick>noop</onclick>
								<visible>!IsEmpty(ListItem.DateAdded)</visible>
							</item>
							<item>
								<label>$INFO[ListItem.PercentPlayed,,%]</label>
								<label2 fallback="-">$LOCALIZE[575]:</label2>
								<onclick>noop</onclick>
								<visible>ListItem.IsResumable</visible>
							</item>
							<item>
								<label>$INFO[ListItem.PlayCount]</label>
								<label2>$LOCALIZE[567]:</label2>
								<onclick>noop</onclick>
								<visible>!IsEmpty(ListItem.PlayCount)</visible>
							</item>
							<item>
								<label>$INFO[ListItem.LastPlayed]</label>
								<label2 fallback="-">$LOCALIZE[568]:</label2>
								<onclick>noop</onclick>
								<visible>!IsEmpty(ListItem.LastPlayed)</visible>
							</item>
							<item>
								<label>$INFO[ListItem.Path]</label>
								<label2>$LOCALIZE[573]:</label2>
								<onclick>Dialog.Close(movieinformation)</onclick>
								<onclick>ActivateWindow(Videos,$INFO[ListItem.Path],return)</onclick>
							</item>
							<item>
								<label>$INFO[ListItem.Filename]</label>
								<label2>$LOCALIZE[21800]:</label2>
								<onclick>noop</onclick>
								<visible>!IsEmpty(ListItem.Filename)</visible>
							</item>
							<item>
								<label>[UPPERCASE]$INFO[ListItem.Property(AudioLanguage.1)]$INFO[ListItem.Property(AudioLanguage.2), / ]$INFO[ListItem.Property(AudioLanguage.3), / ]$INFO[ListItem.Property(AudioLanguage.4), / ]$INFO[ListItem.Property(AudioLanguage.5), / ]$INFO[ListItem.Property(AudioLanguage.6), / ]$INFO[ListItem.Property(AudioLanguage.7), / ][/UPPERCASE]</label>
								<label2>$LOCALIZE[21447]:</label2>
								<onclick>noop</onclick>
								<visible>!IsEmpty(ListItem.Property(AudioLanguage.1))</visible>
							</item>
							<item>
								<label>[UPPERCASE]$INFO[ListItem.Property(SubtitleLanguage.1)]$INFO[ListItem.Property(SubtitleLanguage.2), / ]$INFO[ListItem.Property(SubtitleLanguage.3), / ]$INFO[ListItem.Property(SubtitleLanguage.4), / ]$INFO[ListItem.Property(SubtitleLanguage.5), / ]$INFO[ListItem.Property(SubtitleLanguage.6), / ]$INFO[ListItem.Property(SubtitleLanguage.7), / ]$INFO[ListItem.Property(SubtitleLanguage.8), / ]$INFO[ListItem.Property(SubtitleLanguage.9), / ]$INFO[ListItem.Property(SubtitleLanguage.10), / ]$INFO[ListItem.Property(SubtitleLanguage.11), / ]$INFO[ListItem.Property(SubtitleLanguage.12), / ]$INFO[ListItem.Property(SubtitleLanguage.13), / ]$INFO[ListItem.Property(SubtitleLanguage.14), / ]$INFO[ListItem.Property(SubtitleLanguage.15), / ][/UPPERCASE]</label>
								<label2>$LOCALIZE[21448]:</label2>
								<onclick>noop</onclick>
								<visible>!IsEmpty(ListItem.Property(SubtitleLanguage.1))</visible>
							</item>
						</content>
					</control>
					<control type="group">
						<left>-37</left>
						<top>970</top>
						<animation effect="slide" start="0" end="0,30" time="720" tween="cubic" easing="inout" condition="!Skin.HasSetting(Enable.ExtendedMPAA)">Conditional</animation>
						<visible>!ControlGroup(9001).HasFocus</visible>
						<control type="image">
							<top>-90</top>
							<width>1188</width>
							<height>60</height>
							<texture border="1">separator2.png</texture>
						</control>
						<control type="grouplist">
							<left>0</left>
							<top>-30</top>
							<width>1188</width>
							<height>90</height>
							<align>left</align>
							<itemgap>0</itemgap>
							<orientation>horizontal</orientation>
							<control type="image">
								<width>198</width>
								<colordiffuse>grey</colordiffuse>
								<include>MediaFlagVars</include>
								<texture>$VAR[PathFlagsResolution]</texture>
								<visible>!IsEmpty(ListItem.VideoResolution)</visible>
							</control>
							<control type="image">
								<width>2</width>
								<height>90</height>
								<texture border="1">separator3.png</texture>
							</control>
							<control type="image">
								<width>198</width>
								<colordiffuse>grey</colordiffuse>
								<include>MediaFlagVars</include>
								<texture>$VAR[SourceFlagVar,flags/video/,.png]</texture>
								<visible>!Skin.HasSetting(coloredflags) + !IsEmpty(ListItem.VideoCodec)</visible>
							</control>
							<control type="image">
								<width>198</width>
								<colordiffuse>grey</colordiffuse>
								<include>MediaFlagVars</include>
								<texture>$VAR[SourceFlagVar,flags/colored/source/,.png]</texture>
								<visible>Skin.HasSetting(coloredflags) + !IsEmpty(ListItem.VideoCodec)</visible>
							</control>
							<control type="image">
								<width>2</width>
								<height>90</height>
								<texture border="1">separator3.png</texture>
							</control>
							<control type="image">
								<width>198</width>
								<colordiffuse>grey</colordiffuse>
								<include>MediaFlagVars</include>
								<texture>$VAR[PathFlagsAspect]</texture>
							</control>
							<control type="group">
								<visible>Container.Content(tvshows) + !IsEmpty(ListItem.Property(TotalSeasons))</visible>
								<width>200</width>
								<control type="label">
									<left>0</left>
									<top>2</top>
									<width>200</width>
									<height>60</height>
									<align>center</align>
									<label>$INFO[ListItem.Property(TotalSeasons)]</label>
									<font>font48_bold</font>
									<wrapmultiline>true</wrapmultiline>
									<textcolor>grey</textcolor>
								</control>
								<control type="label">
									<top>52</top>
									<width>200</width>
									<height>30</height>
									<align>center</align>
									<label>[LOWERCASE]$VAR[OneOrMoreSeasonsVar][/LOWERCASE]</label>
									<font>font12</font>
									<textcolor>grey</textcolor>
								</control>
							</control>
							<control type="image">
								<width>2</width>
								<height>90</height>
								<texture border="1">separator3.png</texture>
							</control>
							<control type="image">
								<width>198</width>
								<colordiffuse>grey</colordiffuse>
								<include>MediaFlagVars</include>
								<texture>$VAR[PathFlagsAudio]</texture>
								<visible>!IsEmpty(ListItem.AudioCodec)</visible>
							</control>
							<control type="group">
								<visible>Container.Content(tvshows) + !IsEmpty(ListItem.Property(TotalEpisodes))</visible>
								<width>200</width>
								<control type="label">
									<left>0</left>
									<top>2</top>
									<width>200</width>
									<height>60</height>
									<align>center</align>
									<label>$INFO[ListItem.Property(TotalEpisodes)]</label>
									<font>font48_bold</font>
									<wrapmultiline>true</wrapmultiline>
									<textcolor>grey</textcolor>
								</control>
								<control type="label">
									<top>52</top>
									<width>200</width>
									<height>30</height>
									<align>center</align>
									<label>[LOWERCASE]$VAR[OneOrMoreEpisodesVar][/LOWERCASE]</label>
									<font>font12</font>
									<textcolor>grey</textcolor>
								</control>
							</control>
							<control type="image">
								<width>2</width>
								<height>90</height>
								<texture border="1">separator3.png</texture>
							</control>
							<control type="image">
								<width>198</width>
								<colordiffuse>grey</colordiffuse>
								<include>MediaFlagVars</include>
								<texture>$VAR[PathFlagsAudioChannels]</texture>
								<visible>!IsEmpty(ListItem.AudioChannels)</visible>
							</control>
							<control type="group">
								<visible>Container.Content(tvshows) + !IsEmpty(ListItem.Property(UnWatchedEpisodes))</visible>
								<width>200</width>
								<control type="label">
									<left>0</left>
									<top>2</top>
									<width>200</width>
									<height>60</height>
									<align>center</align>
									<label>$INFO[ListItem.Property(UnWatchedEpisodes)]</label>
									<font>font48_bold</font>
									<wrapmultiline>true</wrapmultiline>
									<textcolor>grey</textcolor>
								</control>
								<control type="label">
									<top>52</top>
									<width>200</width>
									<height>30</height>
									<align>center</align>
									<label>[LOWERCASE]$LOCALIZE[16101][/LOWERCASE]</label>
									<font>font12</font>
									<textcolor>grey</textcolor>
								</control>
							</control>
							<control type="image">
								<width>2</width>
								<height>90</height>
								<texture border="1">separator3.png</texture>
							</control>
							<control type="image">
								<width>198</width>
								<colordiffuse>grey</colordiffuse>
								<include>MediaFlagVars</include>
								<texture>$VAR[PathFlagsCC]</texture>
								<visible>!IsEmpty(ListItem.SubtitleLanguage)</visible>
							</control>
						</control>
						<control type="image">
							<top>90</top>
							<width>1188</width>
							<height>2</height>
							<texture border="1">separator2.png</texture>
						</control>
					</control>
					<control type="label">
						<left>5</left>
						<top>1040</top>
						<width>1120</width>
						<label fallback="$LOCALIZE[31163]">$INFO[ListItem.MPAA]</label>
						<font>font12</font>
						<textcolor>grey</textcolor>
						<scroll>true</scroll>
						<visible>Skin.HasSetting(Enable.ExtendedMPAA) + Container.Content(movies) + !ControlGroup(9001).HasFocus</visible>
					</control>
					<control type="grouplist" id="9001">
						<left>-36</left>
						<top>550</top>
						<width>2800</width>
						<height>420</height>
						<onup>9000</onup>
						<ondown>noop</ondown>
						<scrolltime tween="quadratic" easing="out">300</scrolltime>
						<control type="group" id="90017">
							<left>0</left>
							<top>0</top>
							<width>1190</width>
							<height>420</height>
							<control type="button" id="900171">
								<description>FS Plot</description>
								<texturenofocus />
								<width>1186</width>
								<height>420</height>
								<label />
								<onup>9000</onup>
								<ondown condition="!System.HasAddon(script.extendedinfo)">50</ondown>
								<ondown condition="System.HasAddon(script.extendedinfo)">90010</ondown>
								<include>ButtonInfoDialogsCommonValues</include>
								<onclick>SetProperty(TextViewerHeader,$ESCINFO[ListItem.Label,[B],[/B]],Home)</onclick>
								<onclick condition="Container.Content(movies)">SetProperty(TextViewerSubHeader,$ESCINFO[ListItem.Tagline,[I],[/I]],Home)</onclick>
								<onclick condition="Container.Content(tvshows) + !IsEmpty(Window(Home).Property(NextAired.Status))">SetProperty(TextViewerSubHeader,$ESCINFO[Window(Home).Property(NextAired.Status),[I],[/I]],Home)</onclick>
								<onclick condition="Container.Content(episodes) + !IsEmpty(ListItem.TvShowTitle)">SetProperty(TextViewerSubHeader,$ESCINFO[ListItem.TvShowTitle,[I],[/I]],Home)</onclick>
								<onclick>SetProperty(TextViewerContent,$ESCVAR[VideoInfoPlotVar],Home)</onclick>
								<onclick>ActivateWindow(1112)</onclick>
							</control>
							<control type="textbox" id="4">
								<description>Plot</description>
								<include>HiddenObject</include>
							</control>
							<control type="textbox" id="400">
								<description>Plot</description>
								<left>36</left>
								<top>20</top>
								<width>788</width>
								<height>345</height>
								<font>font15_textbox</font>
								<align>left</align>
								<label>$VAR[VideoInfoPlotVar]</label>
								<textcolor>white</textcolor>
								<pagecontrol>-</pagecontrol>
								<autoscroll time="3000" delay="4000" repeat="5000">Skin.HasSetting(Enable.AutoScroll) + !Control.HasFocus(900171)</autoscroll>
								<animation effect="fade" start="0" end="100" time="500" tween="sine" easing="inout">VisibleChange</animation>
								<animation effect="fade" start="100" end="78" time="300" tween="sine" easing="inout" condition="!Control.HasFocus(900171)">Conditional</animation>
								<visible>Skin.HasSetting(discartoninfo) + !IsEmpty(ListItem.Art(discart))</visible>
							</control>
							<control type="textbox" id="401">
								<description>Plot</description>
								<left>36</left>
								<top>20</top>
								<width>1132</width>
								<height>345</height>
								<font>font15_textbox</font>
								<align>left</align>
								<label>$VAR[VideoInfoPlotVar]</label>
								<textcolor>white</textcolor>
								<pagecontrol>-</pagecontrol>
								<autoscroll time="3000" delay="4000" repeat="5000">Skin.HasSetting(Enable.AutoScroll) + !Control.HasFocus(900171)</autoscroll>
								<animation effect="fade" start="100" end="78" time="300" tween="sine" easing="inout" condition="!Control.HasFocus(900171)">Conditional</animation>
								<visible>!Skin.HasSetting(discartoninfo) | IsEmpty(ListItem.Art(discart))</visible>
							</control>
							<control type="image">
								<left>1540</left>
								<top>50</top>
								<width>320</width>
								<height>320</height>
								<texture background="true">$INFO[ListItem.Art(discart)]</texture>
								<animation type="WindowOpen" reversible="false">
									<effect type="slide" start="0,0" end="-700,0" delay="400" time="2000" tween="quadratic" easing="out" />
									<effect type="rotate" start="0" center="auto" end="-360" delay="1100" time="1500" tween="quadratic" easing="out" />
								</animation>
								<!-- <animation type="Conditional" reversible="false" condition="true" loop="true">
								<effect type="rotate" end="-360" center="auto" time="7000" delay="20000" tween="cubic" easing="inout" />
								</animation> -->
								<visible>Skin.HasSetting(discartoninfo)</visible>
							</control>
						</control>
						<include condition="!System.HasAddon(script.extendedinfo)">DefaultActorList</include>
						<include condition="System.HasAddon(script.extendedinfo)">ExtendedVideoInfoLists</include>
						<control type="panel" id="90018">
							<description>Movies from Set</description>
							<left>0</left>
							<top>0</top>
							<width>1190</width>
							<height>420</height>
							<orientation>horizontal</orientation>
							<scrolltime tween="quadratic" easing="out">300</scrolltime>
							<visible>!IsEmpty(ListItem.SetID)</visible>
							<visible>Container.Content(movies)</visible>
							<itemlayout height="420" width="280">
								<control type="image">
									<width>280</width>
									<height>420</height>
									<aspectratio aligny="top">scale</aspectratio>
									<texture background="true">$INFO[ListItem.Icon]</texture>
									<bordertexture border="2">thumbs/panel_border3.png</bordertexture>
									<bordersize>2</bordersize>
								</control>
								<control type="image">
									<top>322</top>
									<width>280</width>
									<height>98</height>
									<texture>black.png</texture>
									<colordiffuse>88ffffff</colordiffuse>
									<bordersize>2</bordersize>
								</control>
								<control type="label">
									<left>10</left>
									<top>325</top>
									<width>260</width>
									<height>43</height>
									<align>center</align>
									<font>font14</font>
									<textcolor>grey</textcolor>
									<shadowcolor>shadow</shadowcolor>
									<selectedcolor>selected</selectedcolor>
									<label>$INFO[ListItem.Label]</label>
								</control>
								<control type="label">
									<left>10</left>
									<top>368</top>
									<width>260</width>
									<height>43</height>
									<align>center</align>
									<font>font14</font>
									<textcolor>grey</textcolor>
									<shadowcolor>shadow</shadowcolor>
									<selectedcolor>selected</selectedcolor>
									<label>$INFO[ListItem.Year]</label>
								</control>
							</itemlayout>
							<focusedlayout height="420" width="280">
								<control type="group">
									<animation type="Focus" reversible="false">
										<effect type="zoom" start="95" end="100" time="300" tween="sine" easing="inout" center="auto" />
										<effect type="fade" start="80" end="100" time="300" />
									</animation>
									<control type="image">
										<width>280</width>
										<height>420</height>
										<aspectratio aligny="top">scale</aspectratio>
										<texture background="true">$INFO[ListItem.Icon]</texture>
										<bordertexture border="8">thumbs/thumbnail_focused.png</bordertexture>
										<bordersize>8</bordersize>
									</control>
									<control type="image">
										<top>316</top>
										<width>280</width>
										<height>104</height>
										<texture>black.png</texture>
										<colordiffuse>88ffffff</colordiffuse>
										<bordersize>8</bordersize>
									</control>
									<control type="label">
										<left>10</left>
										<top>325</top>
										<width>260</width>
										<height>43</height>
										<align>center</align>
										<font>font14</font>
										<selectedcolor>selected</selectedcolor>
										<shadowcolor>shadow</shadowcolor>
										<label>$INFO[ListItem.Label]</label>
										<animation effect="fade" start="100" end="40" time="300" tween="sine" easing="inout" condition="!Control.HasFocus(90018)">Conditional</animation>
									</control>
									<control type="label">
										<left>10</left>
										<top>368</top>
										<width>260</width>
										<height>43</height>
										<align>center</align>
										<font>font14</font>
										<selectedcolor>selected</selectedcolor>
										<shadowcolor>shadow</shadowcolor>
										<label>$INFO[ListItem.Year]</label>
										<animation effect="fade" start="100" end="40" time="300" tween="sine" easing="inout" condition="!Control.HasFocus(90018)">Conditional</animation>
									</control>
								</control>
							</focusedlayout>
							<content target="video">videodb://movies/sets/$INFO[ListItem.SetID]</content>
						</control>
					</control>
					<control type="scrollbar" id="70">
						<include>HiddenObject</include>
					</control>
					<control type="group" id="71">
						<left>0</left>
						<top>975</top>
						<visible>ControlGroup(9001).HasFocus</visible>
						<include>SettingsFadeEffect</include>
						<control type="label">
							<width>1190</width>
							<height>90</height>
							<aligny>center</aligny>
							<font>font15</font>
							<textcolor>grey</textcolor>
							<label>$VAR[VideoInfoDetailsLabelVar]</label>
						</control>
						<control type="button">
							<left>1090</left>
							<top>20</top>
							<width>40</width>
							<height>25</height>
							<label />
							<texturenofocus border="1">android/numberpicker_up_normal_holo_dark.png</texturenofocus>
							<texturefocus border="1">android/numberpicker_up_longpressed_holo_dark.png</texturefocus>
							<onclick>PageUp(70)</onclick>
						</control>
						<control type="button">
							<left>1090</left>
							<top>50</top>
							<width>40</width>
							<height>25</height>
							<label />
							<texturenofocus border="1">android/numberpicker_down_normal_holo_dark.png</texturenofocus>
							<texturefocus border="1">android/numberpicker_down_longpressed_holo_dark.png</texturefocus>
							<onclick>PageDown(70)</onclick>
							<animation effect="fade" time="100">VisibleChange</animation>
							<visible>Container(9001).HasNext</visible>
						</control>
					</control>
				</control>
				<control type="group">
					<left>3</left>
					<top>0</top>
					<control type="image">
						<top>450</top>
						<width>594</width>
						<height>60</height>
						<texture border="1">separator2.png</texture>
						<visible>!IntegerGreaterThan(Container(300).NumItems,2)</visible>
					</control>
					<control type="image">
						<left>594</left>
						<top>450</top>
						<width>594</width>
						<height>60</height>
						<texture border="1">separator2.png</texture>
						<visible>!IntegerGreaterThan(Container(300).NumItems,5)</visible>
					</control>
					<control type="grouplist" id="9000">
						<left>1</left>
						<top>510</top>
						<width>1192</width>
						<height>60</height>
						<itemgap>0</itemgap>
						<onleft>9000</onleft>
						<onright>9000</onright>
						<onup>300</onup>
						<align>left</align>
						<ondown>9001</ondown>
						<orientation>horizontal</orientation>
						<control type="togglebutton" id="8">
							<description>Play/browse to Show</description>
							<include>ButtonInfoDialogsCommonValues</include>
							<label>208</label>
							<altlabel>1024</altlabel>
							<usealttexture>Container.Content(tvshows)</usealttexture>
							<visible>!StringCompare(Skin.String(CinemaVision.Button),$LOCALIZE[31232]) | !System.HasAddon(script.cinemavision)</visible>
						</control>
						<control type="image" id="200">
							<width>2</width>
							<height>58</height>
							<texture border="1">separator3.png</texture>
							<visible>!StringCompare(Skin.String(CinemaVision.Button),$LOCALIZE[31232]) | !System.HasAddon(script.cinemavision)</visible>
						</control>
						<control type="button" id="909">
							<description>CinemaVision</description>
							<include>ButtonInfoDialogsCommonValues</include>
							<label>$INFO[System.AddonTitle(script.cinemavision)]</label>
							<width>260</width>
							<textwidth>435</textwidth>
							<textoffsetx>15</textoffsetx>
							<onclick>Dialog.Close(MovieInformation)</onclick>
							<onclick>RunScript(script.cinemavision,experience)</onclick>
							<visible>System.HasAddon(script.cinemavision) + [Container.Content(movies) | Container.Content(tvshows) | Container.Content(seasons) | Container.Content(episodes)] + !StringCompare(Skin.String(CinemaVision.Button),$LOCALIZE[31014]) + IsEmpty(Window(Home).Property(script.cinemavision.running))</visible>
						</control>
						<control type="image" id="201">
							<width>2</width>
							<height>58</height>
							<texture border="1">separator3.png</texture>
							<visible>System.HasAddon(script.cinemavision) + [Container.Content(movies) | Container.Content(tvshows) | Container.Content(seasons) | Container.Content(episodes)] + !StringCompare(Skin.String(CinemaVision.Button),$LOCALIZE[31014]) + IsEmpty(Window(Home).Property(script.cinemavision.running))</visible>
						</control>
						<control type="togglebutton" id="7">
							<description>Set rating</description>
							<include>ButtonInfoDialogsCommonValues</include>
							<label>38023</label>
							<altlabel>$LOCALIZE[31147]</altlabel>
							<usealttexture>!IsEmpty(ListItem.UserRating)</usealttexture>
						</control>
						<control type="image" id="202">
							<width>2</width>
							<height>58</height>
							<texture border="1">separator3.png</texture>
						</control>
						<control type="button" id="11">
							<description>Play Trailer</description>
							<include>ButtonInfoDialogsCommonValues</include>
							<label>$LOCALIZE[20410]</label>
							<onclick>Dialog.Close(MovieInformation)</onclick>
							<onclick condition="!IsEmpty(ListItem.Trailer)">PlayMedia($INFO[ListItem.Trailer])</onclick>
							<onclick condition="IsEmpty(ListItem.Trailer)">ActivateWindow(videos,plugin://plugin.video.youtube/kodion/search/query/?q=$INFO[ListItem.OriginalTitle]+Trailer)</onclick>
							<visible>Container.Content(movies)</visible>
							<visible>System.HasAddon(script.cinemavision) + [StringCompare(Skin.String(CinemaVision.Button),$LOCALIZE[31232]) | StringCompare(Skin.String(CinemaVision.Button),$LOCALIZE[31014]) | StringCompare(Skin.String(Trailer.Button),$LOCALIZE[31612])] | !System.HasAddon(script.cinemavision)</visible>
						</control>
						<control type="image" id="203">
							<width>2</width>
							<height>58</height>
							<texture border="1">separator3.png</texture>
						</control>
						<control type="button" id="10">
							<description>Get Thumb</description>
							<include>ButtonInfoDialogsCommonValues</include>
							<label>13511</label>
							<enable>!Skin.HasSetting(KioskMode.Enabled)</enable>
							<visible>[System.HasAddon(script.cinemavision) + [!StringCompare(Skin.String(Trailer.Button),$LOCALIZE[31612])] | StringCompare(Skin.String(CinemaVision.Button),$LOCALIZE[31232]) | StringCompare(Skin.String(CinemaVision.Button),$LOCALIZE[31014])] | !Container.Content(movies) | !System.HasAddon(script.cinemavision)</visible>
						</control>
						<control type="image" id="204">
							<width>2</width>
							<height>58</height>
							<texture border="1">separator3.png</texture>
						</control>
						<control type="button" id="6">
							<description>Refresh</description>
							<font>IconMedium</font>
							<width>80</width>
							<include>ButtonInfoDialogsCommonValues</include>
							<label></label>
							<enable>!Skin.HasSetting(KioskMode.Enabled)</enable>
						</control>
						<control type="image" id="205">
							<width>2</width>
							<height>58</height>
							<texture border="1">separator3.png</texture>
						</control>
						<control type="button" id="206">
							<description>Extras</description>
							<font>IconMedium</font>
							<width>80</width>
							<include>ButtonInfoDialogsCommonValues</include>
							<label>+</label>
							<onclick>ActivateWindow(1119)</onclick>
							<enable>!Skin.HasSetting(KioskMode.Enabled)</enable>
						</control>
					</control>
				</control>
			</control>
		</control>
	</controls>
</window>