<?xml version="1.0" encoding="UTF-8"?>
<includes>
	<include name="HomeRecentlyAddedInfoAlt">
		<control type="group" id="9004">
			<visible>StringCompare(Container(9000).ListItem.Property(Widget),13)</visible>
			<animation effect="slide" tween="cubic" time="720" start="0,-800" end="0,0">WindowOpen</animation>
			<animation effect="slide" tween="cubic" time="720" end="0,-800" start="0,0">WindowClose</animation>
			<include>VisibleFadeEffect</include>
			<animation effect="slide" end="0,338" time="320" tween="cubic" easing="inout" condition="Skin.HasSetting(lowermainmenu)">Conditional</animation>
			<include name="HomeWidgetItem">
				<param name="groupId" value="19008" />
				<param name="widgetId" value="IsEmpty(Window(Home).Property(HomeWidget))" />
				<param name="animationStart" value="180" />
				<param name="listId" value="8005" />
				<param name="onInfo" value="RunScript(script.extendedinfo,info=extendedinfo,dbid=$INFO[Container(8005).ListItem.DBID])" />
				<param name="onUp1" value="8001" />
				<param name="onUp2" value="SetProperty(HomeWidget,1,Home)" />
				<param name="onDown1" value="9000" />
				<param name="onDown2" value="ClearProperty(HomeWidget,Home)" />
				<param name="contentTarget" value="video" />
				<param name="contentPath" value="videodb://recentlyaddedmovies/" />
			</include>
			<include name="HomeWidgetItem">
				<param name="groupId" value="19004" />
				<param name="widgetId" value="StringCompare(Window(Home).Property(HomeWidget),1)" />
				<param name="animationStart" value="-180" />
				<param name="listId" value="8001" />
				<param name="onInfo" value="RunScript(script.extendedinfo,info=extendedinfo,dbid=$INFO[Container(8001).ListItem.Property(dbid)])" />
				<param name="onUp1" value="8002" />
				<param name="onUp2" value="SetProperty(HomeWidget,2,Home)" />
				<param name="onDown1" value="8005" />
				<param name="onDown2" value="ClearProperty(HomeWidget,Home)" />
				<param name="contentTarget" value="" />
				<param name="contentPath" value="plugin://service.library.data.provider?type=recommendedmovies&amp;reload=$INFO[Window.Property(recommendedmovies)]" />
			</include>
			<include name="HomeWidgetItem">
				<param name="groupId" value="19005" />
				<param name="widgetId" value="StringCompare(Window(Home).Property(HomeWidget),2)" />
				<param name="animationStart" value="180" />
				<param name="listId" value="8002" />
				<param name="onInfo" value="RunScript(script.extendedinfo,info=extendedinfo,dbid=$INFO[Container(8002).ListItem.Property(dbid)])" />
				<param name="onUp1" value="8003" />
				<param name="onUp2" value="SetProperty(HomeWidget,3,Home)" />
				<param name="onDown1" value="8001" />
				<param name="onDown2" value="SetProperty(HomeWidget,1,Home)" />
				<param name="contentTarget" value="" />
				<param name="contentPath" value="plugin://service.library.data.provider?type=randommovies&amp;reload=$INFO[Window.Property(randommovies)]" />
			</include>
			<include name="HomeWidgetItem">
				<param name="groupId" value="19006" />
				<param name="widgetId" value="StringCompare(Window(Home).Property(HomeWidget),3)" />
				<param name="animationStart" value="-180" />
				<param name="listId" value="8003" />
				<param name="onUp1" value="8004" />
				<param name="onUp2" value="SetProperty(HomeWidget,4,Home)" />
				<param name="onDown1" value="8002" />
				<param name="onDown2" value="SetProperty(HomeWidget,2,Home)" />
				<param name="contentTarget" value="" />
				<param name="contentPath" value="plugin://script.extendedinfo?info=popularmovies" />
			</include>
			<include name="HomeWidgetItem">
				<param name="groupId" value="19007" />
				<param name="widgetId" value="StringCompare(Window(Home).Property(HomeWidget),4)" />
				<param name="animationStart" value="180" />
				<param name="listId" value="8004" />
				<param name="onUp1" value="8006" />
				<param name="onUp2" value="SetProperty(HomeWidget,5,Home)" />
				<param name="onDown1" value="8003" />
				<param name="onDown2" value="SetProperty(HomeWidget,3,Home)" />
				<param name="contentTarget" value="" />
				<param name="contentPath" value="plugin://script.extendedinfo?info=topratedmovies" />
			</include>
			<include name="HomeWidgetItem">
				<param name="groupId" value="19009" />
				<param name="widgetId" value="StringCompare(Window(Home).Property(HomeWidget),5)" />
				<param name="animationStart" value="-180" />
				<param name="listId" value="8006" />
				<param name="onUp1" value="8007" />
				<param name="onUp2" value="SetProperty(HomeWidget,6,Home)" />
				<param name="onDown1" value="8004" />
				<param name="onDown2" value="SetProperty(HomeWidget,4,Home)" />
				<param name="contentTarget" value="" />
				<param name="contentPath" value="plugin://script.extendedinfo?info=incinemas" />
			</include>
			<include name="HomeWidgetItem">
				<param name="groupId" value="19012" />
				<param name="widgetId" value="StringCompare(Window(Home).Property(HomeWidget),6)" />
				<param name="animationStart" value="180" />
				<param name="listId" value="8007" />
				<param name="onUp1" value="8008" />
				<param name="onUp2" value="SetProperty(HomeWidget,7,Home)" />
				<param name="onDown1" value="8006" />
				<param name="onDown2" value="SetProperty(HomeWidget,5,Home)" />
				<param name="contentTarget" value="" />
				<param name="contentPath" value="plugin://script.extendedinfo?info=upcoming" />
			</include>
			<include name="HomeWidgetItem">
				<param name="groupId" value="19011" />
				<param name="widgetId" value="StringCompare(Window(Home).Property(HomeWidget),7)" />
				<param name="animationStart" value="-180" />
				<param name="listId" value="8008" />
				<param name="onInfo" value="RunScript(script.extendedinfo,info=extendedinfo,dbid=$INFO[Container(8008).ListItem.DBID])" />
				<param name="onUp1" value="noop" />
				<param name="onUp2" value="noop" />
				<param name="onDown1" value="8007" />
				<param name="onDown2" value="SetProperty(HomeWidget,6,Home)" />
				<param name="contentTarget" value="video" />
				<param name="contentPath" value="special://skin/extras/Top250.xsp" />
			</include>
		</control>
	</include>
	<include name="HomeWidgetItem">
		<control type="group" id="$PARAM[groupId]">
			<top>0</top>
			<visible allowhiddenfocus="true">$PARAM[widgetId]</visible>
			<animation type="Visible">
				<effect type="rotatex" end="0" start="$PARAM[animationStart]" center="250,0" time="400" tween="sine" easing="inout" />
				<effect type="fade" end="100" start="0" time="10" delay="200" />
			</animation>
			<animation type="Hidden">
				<effect type="rotatex" start="0" end="$PARAM[animationStart]" center="250,0" time="400" tween="sine" easing="inout" />
				<effect type="fade" start="100" end="0" time="10" delay="200" />
			</animation>
			<control type="image">
				<description>background image</description>
				<left>216</left>
				<top>43</top>
				<width>1502</width>
				<height>402</height>
				<texture border="40">dialogs/default/bg.png</texture>
			</control>
			<control type="panel" id="$PARAM[listId]">
				<left>228</left>
				<top>56</top>
				<width>1470</width>
				<height>370</height>
				<onup>$PARAM[onUp2]</onup>
				<onup>$PARAM[onUp1]</onup>
				<ondown>$PARAM[onDown2]</ondown>
				<ondown>$PARAM[onDown1]</ondown>
				<onleft>$PARAM[listId]</onleft>
				<onright>$PARAM[listId]</onright>
				<onback>9000</onback>
				<viewtype label="535">list</viewtype>
				<pagecontrol>-</pagecontrol>
				<oninfo>$PARAM[onInfo]</oninfo>
				<orientation>horizontal</orientation>
				<scrolltime tween="quadratic" easing="out">300</scrolltime>
				<itemlayout width="244" height="370">
					<control type="image">
						<top>6</top>
						<left>6</left>
						<width>244</width>
						<height>364</height>
						<aspectratio scalediffuse="false">scale</aspectratio>
						<texture background="true" fallback="DefaultMovies.png">$VAR[PosterThumbVar]</texture>
						<bordertexture border="2">thumbs/panel_border3.png</bordertexture>
						<bordersize>2</bordersize>
					</control>
					<control type="image">
						<top>6</top>
						<left>6</left>
						<width>244</width>
						<height>364</height>
						<texture border="1" colordiffuse="66FFFFFF">black.png</texture>
						<bordersize>2</bordersize>
					</control>
				</itemlayout>
				<focusedlayout width="244" height="370">
					<control type="image">
						<top>6</top>
						<left>6</left>
						<width>244</width>
						<height>364</height>
						<aspectratio scalediffuse="false">scale</aspectratio>
						<texture background="true" fallback="DefaultMovies.png">$VAR[PosterThumbVar]</texture>
						<bordertexture border="2">thumbs/panel_border3.png</bordertexture>
						<bordersize>2</bordersize>
					</control>
					<control type="image">
						<width>256</width>
						<height>376</height>
						<texture border="10">thumbs/thumbnail_focused.png</texture>
						<bordersize>8</bordersize>
						<animation effect="fade" start="100" end="0" time="200" reversible="false">UnFocus</animation>
						<animation effect="fade" start="0" end="100" time="200" reversible="false">Focus</animation>
						<visible>Control.HasFocus($PARAM[listId])</visible>
					</control>
					<control type="image">
						<top>6</top>
						<left>6</left>
						<width>244</width>
						<height>364</height>
						<texture border="1" colordiffuse="66FFFFFF">black.png</texture>
						<animation effect="fade" start="100" end="0" time="200" reversible="false">Focus</animation>
						<animation effect="fade" start="0" end="100" time="200" reversible="false">UnFocus</animation>
						<bordersize>2</bordersize>
					</control>
				</focusedlayout>
				<content target="$PARAM[contentTarget]">$PARAM[contentPath]</content>
			</control>
		</control>
	</include>
	<include name="HomeRecentlyAddedInfo">
		<control type="group" id="9003">
			<animation effect="slide" tween="cubic" time="720" start="0,-1080" end="0,0">WindowOpen</animation>
			<animation effect="slide" tween="cubic" time="720" end="0,-1080" start="0,0">WindowClose</animation>
			<animation effect="slide" end="0,338" time="320" tween="cubic" easing="inout" condition="Skin.HasSetting(lowermainmenu) | StringCompare(Skin.String(MainMenu.Layout),$LOCALIZE[31994])">Conditional</animation>
			<animation effect="fade" start="100" end="0" time="0" reversible="false" condition="Container(9000).OnNext | Container(9000).OnPrevious">Conditional</animation>
			<animation effect="fade" start="0" end="100" time="200" delay="200" reversible="false" condition="![Container(9000).OnNext | Container(9000).OnPrevious]">Conditional</animation>
			<visible>!IsEmpty(Container(9000).ListItem.Property(widget)) + !StringCompare(Container(9000).ListItem.Property(widget),weather) + !StringCompare(Container(9000).ListItem.Property(widget),livetv)</visible>
			<include>VisibleFadeEffect</include>
			<!-- Classic Widgets -->
			<control type="group">
				<control type="group">
					<visible>[ControlGroup(9003).HasFocus() + !Skin.HasSetting(lowermainmenu)] + !StringCompare(Skin.String(MainMenu.Layout),$LOCALIZE[31994])</visible>
					<include>VisibleFadeEffect</include>
					<control type="image">
						<left>0</left>
						<top>0</top>
						<width>FullScreenWidth</width>
						<height>630</height>
						<texture flipy="true" border="1">nowplaying_shadow.png</texture>
					</control>
					<control type="image">
						<left>0</left>
						<top>0</top>
						<width>FullScreenWidth</width>
						<height>630</height>
						<texture flipy="true" border="1">nowplaying_shadow.png</texture>
						<colordiffuse>44FFFFFF</colordiffuse>
					</control>
				</control>
				<control type="group">
					<visible>[ControlGroup(9003).HasFocus() + Skin.HasSetting(lowermainmenu)] + !StringCompare(Skin.String(MainMenu.Layout),$LOCALIZE[31994])</visible>
					<include>VisibleFadeEffect</include>
					<control type="image">
						<left>0</left>
						<top>0</top>
						<width>FullScreenWidth</width>
						<height>630</height>
						<texture border="1">nowplaying_shadow.png</texture>
					</control>
					<control type="image">
						<left>0</left>
						<top>0</top>
						<width>FullScreenWidth</width>
						<height>630</height>
						<texture border="1">nowplaying_shadow.png</texture>
						<colordiffuse>44FFFFFF</colordiffuse>
					</control>
				</control>
				<control type="group">
					<visible>ControlGroup(9003).HasFocus() + StringCompare(Skin.String(MainMenu.Layout),$LOCALIZE[31994])</visible>
					<include>VisibleFadeEffect</include>
					<control type="image">
						<left>420</left>
						<top>-100</top>
						<width>FullScreenWidth</width>
						<height>338</height>
						<texture>nowplaying_shadow.png</texture>
					</control>
					<control type="image">
						<left>420</left>
						<top>238</top>
						<width>FullScreenWidth</width>
						<height>338</height>
						<texture flipy="true">nowplaying_shadow.png</texture>
					</control>
				</control>
				<control type="group">
					<animation effect="slide" end="150,0" time="320" tween="cubic" easing="inout" condition="StringCompare(Skin.String(MainMenu.Layout),$LOCALIZE[31994])">Conditional</animation>
					<control type="group">
						<visible>Control.HasFocus(8000)</visible>
						<include>VisibleFadeEffect</include>
						<animation effect="slide" end="140,0" time="320" tween="cubic" easing="inout" condition="StringCompare(Skin.String(MainMenu.Layout),$LOCALIZE[31994])">Conditional</animation>
						<control type="image">
							<left>0</left>
							<top>13</top>
							<width>432</width>
							<height>432</height>
							<aspectratio align="right">keep</aspectratio>
							<texture background="true">$VAR[WidgetPosterVar]</texture>
							<fadetime>IconCrossfadeTime</fadetime>
							<bordertexture border="20">thumbs/thumb_shadow.png</bordertexture>
							<bordersize>20</bordersize>
						</control>
						<control type="grouplist">
							<left>432</left>
							<top>13</top>
							<width>1300</width>
							<height>432</height>
							<itemgap>12</itemgap>
							<align>center</align>
							<visible>!StringCompare(Skin.String(MainMenu.Layout),$LOCALIZE[31994])</visible>
							<visible>!SubString(Container(9000).ListItem.Property(Widget),addons://sources/,left) + !IsEmpty(Container(9000).ListItem.Property(widgetTarget))</visible>
							<control type="label">
								<width>900</width>
								<height>40</height>
								<font>font14_title</font>
								<textcolor>tomato</textcolor>
								<shadowcolor>black</shadowcolor>
								<label>$INFO[Container(8000).ListItem.Title]</label>
								<wrapmultiline>true</wrapmultiline>
							</control>
							<control type="label">
								<width>900</width>
								<height>20</height>
								<font>font14</font>
								<textcolor>white2</textcolor>
								<shadowcolor>black</shadowcolor>
								<label>$INFO[Container(8000).ListItem.Tagline]</label>
								<visible>!IsEmpty(Container(8000).ListItem.Tagline)</visible>
							</control>
							<control type="label">
								<width>900</width>
								<height>20</height>
								<font>font14</font>
								<textcolor>white2</textcolor>
								<shadowcolor>black</shadowcolor>
								<label>$INFO[Container(8000).ListItem.TvShowTitle]</label>
								<visible>!IsEmpty(Container(8000).ListItem.TvShowTitle)</visible>
							</control>
							<control type="label">
								<height>2</height>
								<label>-</label>
							</control>
							<control type="label">
								<width>900</width>
								<height>35</height>
								<font>font14_title</font>
								<textcolor>white2</textcolor>
								<shadowcolor>black</shadowcolor>
								<label>$INFO[Container(8000).ListItem.Genre]</label>
								<visible>!IsEmpty(Container(8000).ListItem.Genre)</visible>
							</control>
							<control type="label">
								<width>900</width>
								<height>35</height>
								<font>font14_title</font>
								<textcolor>white2</textcolor>
								<shadowcolor>black</shadowcolor>
								<label>$INFO[Container(8000).ListItem.Property(episodeno)]</label>
								<visible>!IsEmpty(Container(8000).ListItem.Property(episodeno))</visible>
							</control>
							<control type="label">
								<width>900</width>
								<height>35</height>
								<font>font14</font>
								<textcolor>white2</textcolor>
								<shadowcolor>black</shadowcolor>
								<label>$INFO[Container(8000).ListItem.Year]$INFO[Container(8000).ListItem.RatingAndVotes, • ,]$INFO[Container(8000).ListItem.Duration, • , $LOCALIZE[12391]]</label>
								<visible>IsEmpty(Container(8000).ListItem.Artist) + IsEmpty(Container(8000).ListItem.TvShowTitle)</visible>
							</control>
							<control type="label">
								<width>900</width>
								<height>35</height>
								<font>font14</font>
								<textcolor>white2</textcolor>
								<shadowcolor>black</shadowcolor>
								<label>$INFO[Container(8000).ListItem.Premiered]$INFO[Container(8000).ListItem.RatingAndVotes, • ,]$INFO[Container(8000).ListItem.Duration, • , $LOCALIZE[12391]]</label>
								<visible>!IsEmpty(Container(8000).ListItem.TvShowTitle)</visible>
							</control>
							<control type="label">
								<width>900</width>
								<height>35</height>
								<font>font14</font>
								<textcolor>white2</textcolor>
								<shadowcolor>black</shadowcolor>
								<label>$INFO[Container(8000).ListItem.Director,$LOCALIZE[31000] ]</label>
								<visible>[IsEmpty(Container(8000).ListItem.Artist) + IsEmpty(Container(8000).ListItem.TvShowTitle)] </visible>
							</control>
							<control type="label">
								<width>900</width>
								<height>35</height>
								<font>font14</font>
								<textcolor>white2</textcolor>
								<shadowcolor>black</shadowcolor>
								<label>$INFO[Container(8000).ListItem.mpaa,]</label>
								<visible>[IsEmpty(Container(8000).ListItem.Artist) + IsEmpty(Container(8000).ListItem.TvShowTitle)]</visible>
							</control>
							<control type="label">
								<width>900</width>
								<height>35</height>
								<font>font14</font>
								<textcolor>white2</textcolor>
								<shadowcolor>black</shadowcolor>
								<label>$INFO[Container(8000).ListItem.Artist]</label>
								<visible>!IsEmpty(Container(8000).ListItem.Artist)</visible>
							</control>
							<control type="label">
								<width>900</width>
								<height>35</height>
								<font>font14</font>
								<textcolor>white2</textcolor>
								<shadowcolor>black</shadowcolor>
								<label>$INFO[Container(8000).ListItem.Year]</label>
								<visible>!IsEmpty(Container(8000).ListItem.Artist)</visible>
							</control>
							<control type="label">
								<width>900</width>
								<height>35</height>
								<font>font14</font>
								<textcolor>white2</textcolor>
								<shadowcolor>black</shadowcolor>
								<label>$INFO[Container(8000).ListItem.Album]$INFO[Container(8000).ListItem.Year, [,]]</label>
								<visible>!IsEmpty(Container(8000).ListItem.Album)</visible>
							</control>
							<control type="label">
								<height>2</height>
								<label>-</label>
							</control>
							<control type="textbox">
								<description>Plot</description>
								<width>900</width>
								<height>150</height>
								<font>font14_textbox</font>
								<align>left</align>
								<label>$INFO[Container(8000).ListItem.Plot]$INFO[Container(8000).ListItem.Property(Album_Description)]</label>
								<textcolor>white2</textcolor>
								<shadowcolor>black</shadowcolor>
								<autoscroll time="3000" delay="4000" repeat="5000">true</autoscroll>
							</control>
						</control>
						<control type="grouplist">
							<left>432</left>
							<top>13</top>
							<width>1300</width>
							<height>432</height>
							<itemgap>12</itemgap>
							<align>center</align>
							<visible>StringCompare(Skin.String(MainMenu.Layout),$LOCALIZE[31994])</visible>
							<visible>!SubString(Container(9000).ListItem.Property(Widget),addons://sources/,left) + !IsEmpty(Container(9000).ListItem.Property(widgetTarget))</visible>
							<control type="label">
								<width>760</width>
								<height>40</height>
								<font>font14_title</font>
								<textcolor>tomato</textcolor>
								<shadowcolor>black</shadowcolor>
								<label>$INFO[Container(8000).ListItem.Title]</label>
								<wrapmultiline>true</wrapmultiline>
							</control>
							<control type="label">
								<width>760</width>
								<height>20</height>
								<font>font14</font>
								<textcolor>white2</textcolor>
								<shadowcolor>black</shadowcolor>
								<label>$INFO[Container(8000).ListItem.Tagline]</label>
								<visible>!IsEmpty(Container(8000).ListItem.Tagline)</visible>
							</control>
							<control type="label">
								<width>760</width>
								<height>20</height>
								<font>font14</font>
								<textcolor>white2</textcolor>
								<shadowcolor>black</shadowcolor>
								<label>$INFO[Container(8000).ListItem.TvShowTitle]</label>
								<visible>!IsEmpty(Container(8000).ListItem.TvShowTitle)</visible>
							</control>
							<control type="label">
								<height>2</height>
								<label>-</label>
							</control>
							<control type="label">
								<width>760</width>
								<height>35</height>
								<font>font14_title</font>
								<textcolor>white2</textcolor>
								<shadowcolor>black</shadowcolor>
								<label>$INFO[Container(8000).ListItem.Genre]</label>
								<visible>!IsEmpty(Container(8000).ListItem.Genre)</visible>
							</control>
							<control type="label">
								<width>760</width>
								<height>35</height>
								<font>font14_title</font>
								<textcolor>white2</textcolor>
								<shadowcolor>black</shadowcolor>
								<label>$INFO[Container(8000).ListItem.Property(episodeno)]</label>
								<visible>!IsEmpty(Container(8000).ListItem.Property(episodeno))</visible>
							</control>
							<control type="label">
								<width>760</width>
								<height>35</height>
								<font>font14</font>
								<textcolor>white2</textcolor>
								<shadowcolor>black</shadowcolor>
								<label>$INFO[Container(8000).ListItem.Year]$INFO[Container(8000).ListItem.RatingAndVotes, • ,]$INFO[Container(8000).ListItem.Duration, • , $LOCALIZE[12391]]</label>
								<visible>IsEmpty(Container(8000).ListItem.Artist) + IsEmpty(Container(8000).ListItem.TvShowTitle)</visible>
							</control>
							<control type="label">
								<width>760</width>
								<height>35</height>
								<font>font14</font>
								<textcolor>white2</textcolor>
								<shadowcolor>black</shadowcolor>
								<label>$INFO[Container(8000).ListItem.Premiered]$INFO[Container(8000).ListItem.RatingAndVotes, • ,]$INFO[Container(8000).ListItem.Duration, • , $LOCALIZE[12391]]</label>
								<visible>!IsEmpty(Container(8000).ListItem.TvShowTitle)</visible>
							</control>
							<control type="label">
								<width>760</width>
								<height>35</height>
								<font>font14</font>
								<textcolor>white2</textcolor>
								<shadowcolor>black</shadowcolor>
								<label>$INFO[Container(8000).ListItem.Director,$LOCALIZE[31000] ]</label>
								<visible>[IsEmpty(Container(8000).ListItem.Artist) + IsEmpty(Container(8000).ListItem.TvShowTitle)] </visible>
							</control>
							<control type="label">
								<width>760</width>
								<height>35</height>
								<font>font14</font>
								<textcolor>white2</textcolor>
								<shadowcolor>black</shadowcolor>
								<label>$INFO[Container(8000).ListItem.mpaa,]</label>
								<visible>[IsEmpty(Container(8000).ListItem.Artist) + IsEmpty(Container(8000).ListItem.TvShowTitle)]</visible>
							</control>
							<control type="label">
								<width>760</width>
								<height>35</height>
								<font>font14</font>
								<textcolor>white2</textcolor>
								<shadowcolor>black</shadowcolor>
								<label>$INFO[Container(8000).ListItem.Artist]</label>
								<visible>!IsEmpty(Container(8000).ListItem.Artist)</visible>
							</control>
							<control type="label">
								<width>760</width>
								<height>35</height>
								<font>font14</font>
								<textcolor>white2</textcolor>
								<shadowcolor>black</shadowcolor>
								<label>$INFO[Container(8000).ListItem.Year]</label>
								<visible>!IsEmpty(Container(8000).ListItem.Artist)</visible>
							</control>
							<control type="label">
								<width>760</width>
								<height>35</height>
								<font>font14</font>
								<textcolor>white2</textcolor>
								<shadowcolor>black</shadowcolor>
								<label>$INFO[Container(8000).ListItem.Album]$INFO[Container(8000).ListItem.Year, [,]]</label>
								<visible>!IsEmpty(Container(8000).ListItem.Album)</visible>
							</control>
							<control type="label">
								<height>2</height>
								<label>-</label>
							</control>
							<control type="textbox">
								<description>Plot</description>
								<width>760</width>
								<height>150</height>
								<font>font14_textbox</font>
								<align>left</align>
								<label>$INFO[Container(8000).ListItem.Plot]$INFO[Container(8000).ListItem.Property(Album_Description)]</label>
								<textcolor>white2</textcolor>
								<shadowcolor>black</shadowcolor>
								<autoscroll time="3000" delay="4000" repeat="5000">true</autoscroll>
							</control>
						</control>
						<control type="grouplist">
							<left>432</left>
							<top>13</top>
							<width>1300</width>
							<height>432</height>
							<itemgap>12</itemgap>
							<align>center</align>
							<visible>!StringCompare(Skin.String(MainMenu.Layout),$LOCALIZE[31994])</visible>
							<visible>!SubString(Container(9000).ListItem.Property(Widget),addons://sources/,left) + IsEmpty(Container(9000).ListItem.Property(widgetTarget))</visible>
							<control type="label">
								<width>900</width>
								<height>40</height>
								<font>font14_title</font>
								<textcolor>tomato</textcolor>
								<shadowcolor>black</shadowcolor>
								<label>$INFO[Container(8000).ListItem.Property(Title)]</label>
								<wrapmultiline>true</wrapmultiline>
							</control>
							<control type="label">
								<width>900</width>
								<height>20</height>
								<font>font14</font>
								<textcolor>white2</textcolor>
								<shadowcolor>black</shadowcolor>
								<label>$INFO[Container(8000).ListItem.Property(Tagline)]</label>
								<visible>!IsEmpty(Container(8000).ListItem.Property(Tagline))</visible>
							</control>
							<control type="label">
								<height>2</height>
								<label>-</label>
							</control>
							<control type="label">
								<width>900</width>
								<height>35</height>
								<font>font14_title</font>
								<textcolor>white2</textcolor>
								<shadowcolor>black</shadowcolor>
								<label>$INFO[Container(8000).ListItem.Property(Genre)]</label>
								<visible>!IsEmpty(Container(8000).ListItem.Genre)</visible>
							</control>
							<control type="label">
								<width>900</width>
								<height>35</height>
								<font>font14</font>
								<textcolor>white2</textcolor>
								<shadowcolor>black</shadowcolor>
								<label>$INFO[Container(8000).ListItem.Property(Director),$LOCALIZE[31000]: ,]</label>
								<visible>!IsEmpty(Container(8000).ListItem.Property(Director)) + [IsEmpty(Container(8000).ListItem.Artist) + IsEmpty(Container(8000).ListItem.TvShowTitle)]</visible>
							</control>
							<control type="label">
								<width>900</width>
								<height>35</height>
								<font>font14</font>
								<textcolor>white2</textcolor>
								<shadowcolor>black</shadowcolor>
								<label>$INFO[Container(8000).ListItem.Property(MPAA),Rated ]</label>
								<visible>!IsEmpty(Container(8000).ListItem.Property(MPAA))</visible>
							</control>
							<control type="label">
								<width>900</width>
								<height>35</height>
								<font>font14</font>
								<textcolor>white2</textcolor>
								<shadowcolor>black</shadowcolor>
								<label>$INFO[Container(8000).ListItem.Property(Year)]$INFO[Container(8000).ListItem.RatingAndVotes, • ,]$INFO[Container(8000).ListItem.Property(Duration), • , $LOCALIZE[12391]]</label>
								<visible>IsEmpty(Container(8000).ListItem.Artist)</visible>
							</control>
							<control type="label">
								<height>2</height>
								<label>-</label>
							</control>
							<control type="textbox">
								<description>Plot</description>
								<width>900</width>
								<height>150</height>
								<font>font14_textbox</font>
								<align>left</align>
								<label>$INFO[Container(8000).ListItem.Plot]$INFO[Container(8000).ListItem.Property(Album_Description)]</label>
								<textcolor>white2</textcolor>
								<shadowcolor>black</shadowcolor>
								<autoscroll time="3000" delay="4000" repeat="5000">true</autoscroll>
							</control>
						</control>
						<control type="grouplist">
							<left>432</left>
							<top>13</top>
							<width>1300</width>
							<height>432</height>
							<itemgap>12</itemgap>
							<align>center</align>
							<visible>StringCompare(Skin.String(MainMenu.Layout),$LOCALIZE[31994])</visible>
							<visible>!SubString(Container(9000).ListItem.Property(Widget),addons://sources/,left) + IsEmpty(Container(9000).ListItem.Property(widgetTarget))</visible>
							<control type="label">
								<width>760</width>
								<height>40</height>
								<font>font14_title</font>
								<textcolor>tomato</textcolor>
								<shadowcolor>black</shadowcolor>
								<label>$INFO[Container(8000).ListItem.Property(Title)]</label>
								<wrapmultiline>true</wrapmultiline>
							</control>
							<control type="label">
								<width>760</width>
								<height>20</height>
								<font>font14</font>
								<textcolor>white2</textcolor>
								<shadowcolor>black</shadowcolor>
								<label>$INFO[Container(8000).ListItem.Property(Tagline)]</label>
								<visible>!IsEmpty(Container(8000).ListItem.Property(Tagline))</visible>
							</control>
							<control type="label">
								<height>2</height>
								<label>-</label>
							</control>
							<control type="label">
								<width>760</width>
								<height>35</height>
								<font>font14_title</font>
								<textcolor>white2</textcolor>
								<shadowcolor>black</shadowcolor>
								<label>$INFO[Container(8000).ListItem.Property(Genre)]</label>
								<visible>!IsEmpty(Container(8000).ListItem.Genre)</visible>
							</control>
							<control type="label">
								<width>760</width>
								<height>35</height>
								<font>font14</font>
								<textcolor>white2</textcolor>
								<shadowcolor>black</shadowcolor>
								<label>$INFO[Container(8000).ListItem.Property(Director),$LOCALIZE[31000]: ,]</label>
								<visible>!IsEmpty(Container(8000).ListItem.Property(Director)) + [IsEmpty(Container(8000).ListItem.Artist) + IsEmpty(Container(8000).ListItem.TvShowTitle)]</visible>
							</control>
							<control type="label">
								<width>760</width>
								<height>35</height>
								<font>font14</font>
								<textcolor>white2</textcolor>
								<shadowcolor>black</shadowcolor>
								<label>$INFO[Container(8000).ListItem.Property(MPAA),Rated ]</label>
								<visible>!IsEmpty(Container(8000).ListItem.Property(MPAA))</visible>
							</control>
							<control type="label">
								<width>760</width>
								<height>35</height>
								<font>font14</font>
								<textcolor>white2</textcolor>
								<shadowcolor>black</shadowcolor>
								<label>$INFO[Container(8000).ListItem.Property(Year)]$INFO[Container(8000).ListItem.RatingAndVotes, • ,]$INFO[Container(8000).ListItem.Property(Duration), • , $LOCALIZE[12391]]</label>
								<visible>IsEmpty(Container(8000).ListItem.Artist)</visible>
							</control>
							<control type="label">
								<height>2</height>
								<label>-</label>
							</control>
							<control type="textbox">
								<description>Plot</description>
								<width>760</width>
								<height>150</height>
								<font>font14_textbox</font>
								<align>left</align>
								<label>$INFO[Container(8000).ListItem.Plot]$INFO[Container(8000).ListItem.Property(Album_Description)]</label>
								<textcolor>white2</textcolor>
								<shadowcolor>black</shadowcolor>
								<autoscroll time="3000" delay="4000" repeat="5000">true</autoscroll>
							</control>
						</control>
						<control type="grouplist">
							<left>432</left>
							<top>13</top>
							<width>1300</width>
							<height>432</height>
							<itemgap>12</itemgap>
							<align>center</align>
							<visible>!StringCompare(Skin.String(MainMenu.Layout),$LOCALIZE[31994])</visible>
							<visible>StringCompare(Container(9000).ListItem.Property(widget),Addon)</visible>
							<control type="label">
								<width>900</width>
								<height>40</height>
								<font>font14_title</font>
								<textcolor>white</textcolor>
								<shadowcolor>black</shadowcolor>
								<label>$INFO[Container(8000).ListItem.Property(Addon.Name)]</label>
								<wrapmultiline>true</wrapmultiline>
							</control>
							<control type="label">
								<width>900</width>
								<height>20</height>
								<font>font14</font>
								<textcolor>white2</textcolor>
								<shadowcolor>black</shadowcolor>
								<label>$INFO[Container(8000).ListItem.Property(Addon.Version)]</label>
							</control>
							<control type="label">
								<height>2</height>
								<label>-</label>
							</control>
							<control type="label">
								<width>900</width>
								<height>35</height>
								<font>font14</font>
								<textcolor>tomato</textcolor>
								<shadowcolor>black</shadowcolor>
								<label>$INFO[Container(8000).ListItem.Property(Addon.Creator),$LOCALIZE[21863]: [COLOR white2],[/COLOR]]</label>
							</control>
							<control type="label">
								<height>2</height>
								<label>-</label>
							</control>
							<control type="textbox">
								<description>Plot</description>
								<width>900</width>
								<height>250</height>
								<font>font14_textbox</font>
								<align>left</align>
								<label>$INFO[Container(8000).ListItem.Property(Addon.Description)]</label>
								<textcolor>white2</textcolor>
								<shadowcolor>black</shadowcolor>
								<autoscroll time="3000" delay="4000" repeat="5000">true</autoscroll>
							</control>
						</control>
						<control type="grouplist">
							<left>432</left>
							<top>13</top>
							<width>1300</width>
							<height>432</height>
							<itemgap>12</itemgap>
							<align>center</align>
							<visible>StringCompare(Skin.String(MainMenu.Layout),$LOCALIZE[31994])</visible>
							<visible>StringCompare(Container(9000).ListItem.Property(widget),Addon)</visible>
							<control type="label">
								<width>760</width>
								<height>40</height>
								<font>font14_title</font>
								<textcolor>white</textcolor>
								<shadowcolor>black</shadowcolor>
								<label>$INFO[Container(8000).ListItem.Property(Addon.Name)]</label>
								<wrapmultiline>true</wrapmultiline>
							</control>
							<control type="label">
								<width>760</width>
								<height>20</height>
								<font>font14</font>
								<textcolor>white2</textcolor>
								<shadowcolor>black</shadowcolor>
								<label>$INFO[Container(8000).ListItem.Property(Addon.Version)]</label>
							</control>
							<control type="label">
								<height>2</height>
								<label>-</label>
							</control>
							<control type="label">
								<width>760</width>
								<height>35</height>
								<font>font14</font>
								<textcolor>tomato</textcolor>
								<shadowcolor>black</shadowcolor>
								<label>$INFO[Container(8000).ListItem.Property(Addon.Creator),$LOCALIZE[21863]: [COLOR white2],[/COLOR]]</label>
							</control>
							<control type="label">
								<height>2</height>
								<label>-</label>
							</control>
							<control type="textbox">
								<description>Plot</description>
								<width>760</width>
								<height>250</height>
								<font>font14_textbox</font>
								<align>left</align>
								<label>$INFO[Container(8000).ListItem.Property(Addon.Description)]</label>
								<textcolor>white2</textcolor>
								<shadowcolor>black</shadowcolor>
								<autoscroll time="3000" delay="4000" repeat="5000">true</autoscroll>
							</control>
						</control>
					</control>
					<control type="group">
						<left>1420</left>
						<top>20</top>
						<visible>!IsEmpty(Container(9000).ListItem.Property(widgetPath))</visible>
						<animation effect="slide" end="-80,0" time="320" tween="cubic" easing="inout" condition="StringCompare(Skin.String(MainMenu.Layout),$LOCALIZE[31994])">Conditional</animation>
						<control type="group">
							<animation type="Conditional" condition="Control.HasFocus(8000)">
								<effect type="rotatey" start="0" end="180" center="221,0" time="400" tween="sine" easing="inout" />
								<effect type="fade" start="100" end="0" time="10" delay="200" />
							</animation>
							<control type="image">
								<left>0</left>
								<top>0</top>
								<width>422</width>
								<height>422</height>
								<texture border="40">dialogs/default/bg2.png</texture>
							</control>
							<control type="label">
								<left>27</left>
								<top>32</top>
								<width>372</width>
								<height>40</height>
								<font>font15_title</font>
								<align>center</align>
								<textcolor>dialogheader</textcolor>
								<label>$INFO[Container(9000).ListItem.Property(widgetName)]</label>
								<!-- <label>$INFO[Container(9000).ListItem.Property(widgetType)]</label> -->
							</control>
							<control type="image">
								<left>32</left>
								<top>86</top>
								<width>362</width>
								<height>226</height>
								<fadetime>IconCrossfadeTime</fadetime>
								<aspectratio align="center" aligny="top">keep</aspectratio>
								<texture>$VAR[WidgetListIconVar]</texture>
								<bordertexture border="5">dialogs/default/inner2.png</bordertexture>
								<bordersize>1</bordersize>
							</control>
							<control type="label">
								<description>Plot</description>
								<left>47</left>
								<top>310</top>
								<width>332</width>
								<height>80</height>
								<font>font15_title</font>
								<align>center</align>
								<aligny>center</aligny>
								<wrapmultiline>true</wrapmultiline>
								<label>$INFO[Container(8000).ListItem.Property(episodeno),,: ]$INFO[Container(8000).ListItem.Label]</label>
								<textcolor>grey2</textcolor>
							</control>
						</control>
						<control type="group">
							<animation effect="fade" start="100" end="0" time="300" tween="sine" easing="inout" condition="!Control.HasFocus(8000)">Conditional</animation>
							<animation type="Conditional" condition="Control.HasFocus(8000)">
								<effect type="rotatey" start="-180" end="0" center="221,0" time="400" tween="sine" easing="inout" />
								<effect type="fade" start="0" end="100" time="10" delay="200" />
							</animation>
							<control type="image">
								<left>0</left>
								<top>0</top>
								<width>422</width>
								<height>422</height>
								<texture border="40">dialogs/default/bg2.png</texture>
							</control>
							<control type="image">
								<left>30</left>
								<top>30</top>
								<width>362</width>
								<height>362</height>
								<texture border="5">dialogs/default/inner2.png</texture>
							</control>
							<control type="list" id="8000">
								<left>31</left>
								<top>31</top>
								<width>360</width>
								<height>360</height>
								<onup>8000</onup>
								<ondown>8000</ondown>
								<onleft>9000</onleft>
								<onright>9000</onright>
								<onback>9000</onback>
								<oninfo condition="StringCompare(Container(9000).ListItem.Property(widgetType),movies)">RunScript(script.extendedinfo,info=extendedinfo,name=$INFO[Container(8000).ListItem.Label])</oninfo>
								<oninfo condition="StringCompare(Container(9000).ListItem.Property(widgetType),episodes)">RunScript(script.extendedinfo,info=extendedtvinfo,name=$INFO[Container(8000).ListItem.TvShowTitle])</oninfo>
								<viewtype label="535">list</viewtype>
								<pagecontrol>-</pagecontrol>
								<orientation>vertical</orientation>
								<scrolltime tween="quadratic" easing="out">200</scrolltime>
								<visible>!IsEmpty(Container(9000).ListItem.Property(widgetPath))</visible>
								<autoscroll time="10000" delay="10000" repeat="10000">Control.IsVisible(9003) + !Control.HasFocus(8000)</autoscroll>
								<itemlayout height="60" width="360">
									<control type="image">
										<width>360</width>
										<height>60</height>
										<texture border="1">separator2.png</texture>
									</control>
									<control type="label">
										<width>360</width>
										<height>60</height>
										<font>font14</font>
										<textcolor>grey2</textcolor>
										<selectedcolor>tomato</selectedcolor>
										<textoffsetx>15</textoffsetx>
										<label>$INFO[ListItem.Label]</label>
									</control>
								</itemlayout>
								<focusedlayout height="60" width="360">
									<control type="image">
										<width>360</width>
										<height>60</height>
										<texture border="5">listselect_fo.png</texture>
									</control>
									<control type="label">
										<width>360</width>
										<height>60</height>
										<font>font14</font>
										<selectedcolor>tomato</selectedcolor>
										<textoffsetx>15</textoffsetx>
										<label>$INFO[ListItem.Label]</label>
									</control>
								</focusedlayout>
								<content target="$INFO[Container(9000).ListItem.Property(widgetTarget)]">$INFO[Container(9000).ListItem.Property(widgetPath)]</content>
							</control>
						</control>
					</control>
					<control type="group">
						<visible>IsEmpty(Container(8000).ListItem.Label)</visible>
						<left>1583</left>
						<top>183</top>
						<animation effect="slide" end="-80,0" time="320" tween="cubic" easing="inout" condition="StringCompare(Skin.String(MainMenu.Layout),$LOCALIZE[31994])">Conditional</animation>
						<control type="image">
							<description>Busy animation</description>
							<width>96</width>
							<height>96</height>
							<texture>android/spinner_48_inner_holo.png</texture>
							<aspectratio>keep</aspectratio>
							<animation effect="rotate" start="0" end="360" center="auto" time="2000" loop="true" condition="true">conditional</animation>
						</control>
						<control type="image">
							<description>Busy animation</description>
							<width>96</width>
							<height>96</height>
							<texture>android/spinner_48_outer_holo.png</texture>
							<aspectratio>keep</aspectratio>
							<animation effect="rotate" start="360" end="0" center="auto" time="2000" loop="true" condition="true">conditional</animation>
						</control>
					</control>
				</control>
			</control>
		</control>
	</include>
	<include name="NowPlayingVideoWidget">
		<!-- Video Info -->
		<control type="group">
			<visible>Player.HasVideo</visible>
			<include>VisibleFadeEffect</include>
			<animation effect="slide" tween="cubic" time="720" start="0,1080" end="0,0" condition="!Skin.HasSetting(lowermainmenu) + !StringCompare(Skin.String(MainMenu.Layout),$LOCALIZE[31994])">WindowOpen</animation>
			<animation effect="slide" tween="cubic" time="720" end="0,1080" start="0,0" condition="!Skin.HasSetting(lowermainmenu) + !StringCompare(Skin.String(MainMenu.Layout),$LOCALIZE[31994])">WindowClose</animation>
			<animation effect="slide" tween="cubic" time="720" start="0,-1080" end="0,0" condition="Skin.HasSetting(lowermainmenu) | StringCompare(Skin.String(MainMenu.Layout),$LOCALIZE[31994])">WindowOpen</animation>
			<animation effect="slide" tween="cubic" time="720" end="0,-1080" start="0,0" condition="Skin.HasSetting(lowermainmenu) | StringCompare(Skin.String(MainMenu.Layout),$LOCALIZE[31994])">WindowClose</animation>
			<animation effect="slide" end="0,670" time="320" tween="cubic" easing="inout" condition="!Skin.HasSetting(lowermainmenu) + !StringCompare(Skin.String(MainMenu.Layout),$LOCALIZE[31994])">Conditional</animation>
			<animation effect="slide" end="420,0" time="320" tween="cubic" easing="inout" condition="StringCompare(Skin.String(MainMenu.Layout),$LOCALIZE[31994])">Conditional</animation>
			<animation effect="fade" start="100" end="0" time="200" delay="100" condition="[!StringCompare(Skin.String(MainMenu.Layout),$LOCALIZE[31994]) + Control.HasFocus(8002)] | [!StringCompare(Skin.String(MainMenu.Layout),$LOCALIZE[31994]) + Skin.HasSetting(Enable.PanelInfo) + Control.HasFocus(8001) + !StringCompare(Container(9000).ListItem.Property(widgetStyle),List)]">Conditional</animation>
			<control type="image">
				<description>bg image</description>
				<width>1920</width>
				<height>600</height>
				<texture>gradient_floor.png</texture>
				<visible>!Skin.HasSetting(lowermainmenu) + !StringCompare(Skin.String(MainMenu.Layout),$LOCALIZE[31994])</visible>
			</control>
			<control type="image">
				<description>bg image</description>
				<width>1920</width>
				<height>600</height>
				<texture flipy="true">gradient_floor.png</texture>
				<visible>Skin.HasSetting(lowermainmenu) | StringCompare(Skin.String(MainMenu.Layout),$LOCALIZE[31994])</visible>
			</control>
			<control type="group">
				<left>40</left>
				<top>50</top>
				<visible>VideoPlayer.Content(movies) | VideoPlayer.Content(episodes)</visible>
				<control type="group">
					<control type="image">
						<description>Cover image</description>
						<top>-20</top>
						<left>-20</left>
						<width>246</width>
						<height>350</height>
						<texture fallback="DefaultVideoCover.png">$VAR[HomeNowPlayingThumbVar]</texture>
						<bordertexture border="20">thumbs/thumb_shadow.png</bordertexture>
						<bordersize>20</bordersize>
					</control>
					<control type="grouplist">
						<left>247</left>
						<height>310</height>
						<itemgap>12</itemgap>
						<align>center</align>
						<control type="label">
							<width>940</width>
							<height>40</height>
							<font>font48_title</font>
							<textcolor>white2</textcolor>
							<shadowcolor>black</shadowcolor>
							<label>$INFO[Player.Title]</label>
						</control>
						<control type="label">
							<width>940</width>
							<height>40</height>
							<font>font15</font>
							<textcolor>tomato</textcolor>
							<shadowcolor>black</shadowcolor>
							<label>$INFO[VideoPlayer.TvShowTitle]</label>
							<visible>VideoPlayer.Content(episodes)</visible>
						</control>
						<control type="label">
							<width>940</width>
							<height>40</height>
							<font>font15</font>
							<textcolor>white2</textcolor>
							<shadowcolor>black</shadowcolor>
							<label>$INFO[VideoPlayer.Season,$LOCALIZE[20373] ,], $INFO[VideoPlayer.Episode,$LOCALIZE[20452] , , ]</label>
							<visible>VideoPlayer.Content(episodes)</visible>
						</control>
						<control type="label">
							<width>940</width>
							<height>40</height>
							<font>font15</font>
							<textcolor>white2</textcolor>
							<shadowcolor>black</shadowcolor>
							<label>$INFO[VideoPlayer.Premiered]</label>
							<visible>VideoPlayer.Content(episodes)</visible>
						</control>
						<control type="label">
							<width>940</width>
							<height>40</height>
							<font>font15</font>
							<textcolor>tomato</textcolor>
							<shadowcolor>black</shadowcolor>
							<label>$INFO[VideoPlayer.Tagline]</label>
							<visible>VideoPlayer.Content(movies) + !IsEmpty(VideoPlayer.Tagline)</visible>
						</control>
						<control type="label">
							<width>940</width>
							<height>40</height>
							<font>font15</font>
							<textcolor>white2</textcolor>
							<shadowcolor>black</shadowcolor>
							<label>$INFO[VideoPlayer.Year]$INFO[VideoPlayer.Genre, | ]</label>
							<visible>VideoPlayer.Content(movies)</visible>
						</control>
						<control type="label">
							<width>940</width>
							<height>40</height>
							<font>font15</font>
							<textcolor>white2</textcolor>
							<shadowcolor>black</shadowcolor>
							<label>$INFO[VideoPlayer.Studio]</label>
							<visible>VideoPlayer.Content(movies)</visible>
						</control>
						<control type="label">
							<description>Time Label</description>
							<height>50</height>
							<width>940</width>
							<label>[COLOR white2]$INFO[Player.Time][/COLOR]$INFO[Player.Duration, / [COLOR=white2],[/COLOR]]</label>
							<font>font48</font>
							<textcolor>$VAR[ThemeHomeLabelColor]</textcolor>
							<shadowcolor>black</shadowcolor>
						</control>
					</control>
				</control>
			</control>
			<control type="group">
				<left>40</left>
				<top>45</top>
				<visible>VideoPlayer.Content(musicvideos) | VideoPlayer.Content(livetv)</visible>
				<control type="group">
					<control type="image">
						<description>Cover image</description>
						<top>-20</top>
						<left>-20</left>
						<width>350</width>
						<height>350</height>
						<texture colordiffuse="11FFFFFF">back.png</texture>
						<bordertexture border="20">thumbs/thumb_shadow.png</bordertexture>
						<bordersize>20</bordersize>
					</control>
					<control type="image">
						<description>Cover image</description>
						<width>310</width>
						<height>310</height>
						<aspectratio>keep</aspectratio>
						<texture fallback="DefaultVideoCover.png">$VAR[HomeNowPlayingThumbVar]</texture>
					</control>
					<control type="grouplist">
						<left>350</left>
						<height>310</height>
						<itemgap>12</itemgap>
						<align>center</align>
						<control type="label">
							<width>840</width>
							<height>40</height>
							<font>font48_title</font>
							<textcolor>tomato</textcolor>
							<shadowcolor>black</shadowcolor>
							<label>$INFO[VideoPlayer.ChannelName]</label>
							<visible>VideoPlayer.Content(livetv)</visible>
						</control>
						<control type="label">
							<width>840</width>
							<height>40</height>
							<font>font48_title</font>
							<textcolor>white2</textcolor>
							<shadowcolor>black</shadowcolor>
							<label>$INFO[Player.Title]</label>
						</control>
						<control type="label">
							<width>840</width>
							<height>40</height>
							<font>font15</font>
							<textcolor>tomato</textcolor>
							<shadowcolor>black</shadowcolor>
							<label>$INFO[VideoPlayer.Artist]</label>
							<visible>VideoPlayer.Content(musicvideos)</visible>
						</control>
						<control type="label">
							<width>840</width>
							<height>40</height>
							<font>font15</font>
							<textcolor>white2</textcolor>
							<shadowcolor>black</shadowcolor>
							<label>$INFO[VideoPlayer.Year]$INFO[VideoPlayer.Genre, | ]</label>
							<visible>VideoPlayer.Content(movies) | VideoPlayer.Content(musicvideos)</visible>
						</control>
						<control type="label">
							<width>840</width>
							<height>40</height>
							<font>font15</font>
							<textcolor>white2</textcolor>
							<shadowcolor>black</shadowcolor>
							<label>$INFO[VideoPlayer.Studio]</label>
							<visible>VideoPlayer.Content(movies) | VideoPlayer.Content(musicvideos)</visible>
						</control>
						<control type="textbox">
							<width>840</width>
							<height max="120">auto</height>
							<font>font15</font>
							<textcolor>white</textcolor>
							<shadowcolor>black</shadowcolor>
							<label>$INFO[VideoPlayer.Plot]</label>
							<visible>VideoPlayer.Content(livetv)</visible>
							<autoscroll time="3000" delay="4000" repeat="5000">Skin.HasSetting(Enable.AutoScroll)</autoscroll>
						</control>
						<control type="label">
							<description>Time Label</description>
							<height>50</height>
							<width>840</width>
							<label>[COLOR white2]$INFO[Player.Time][/COLOR]$INFO[Player.Duration, / [COLOR=white2],[/COLOR]]</label>
							<font>font48</font>
							<textcolor>$VAR[ThemeHomeLabelColor]</textcolor>
							<shadowcolor>black</shadowcolor>
						</control>
					</control>
				</control>
			</control>
		</control>
	</include>
	<include name="NowPlayingMusicWidget">
		<!-- Music Info -->
		<control type="group">
			<visible>Player.HasAudio</visible>
			<include>VisibleFadeEffect</include>
			<animation effect="slide" tween="cubic" time="720" start="0,1080" end="0,0" condition="!Skin.HasSetting(lowermainmenu) + !StringCompare(Skin.String(MainMenu.Layout),$LOCALIZE[31994])">WindowOpen</animation>
			<animation effect="slide" tween="cubic" time="720" end="0,1080" start="0,0" condition="!Skin.HasSetting(lowermainmenu) + !StringCompare(Skin.String(MainMenu.Layout),$LOCALIZE[31994])">WindowClose</animation>
			<animation effect="slide" tween="cubic" time="720" start="0,-1080" end="0,0" condition="Skin.HasSetting(lowermainmenu) | StringCompare(Skin.String(MainMenu.Layout),$LOCALIZE[31994])">WindowOpen</animation>
			<animation effect="slide" tween="cubic" time="720" end="0,-1080" start="0,0" condition="Skin.HasSetting(lowermainmenu) | StringCompare(Skin.String(MainMenu.Layout),$LOCALIZE[31994])">WindowClose</animation>
			<animation effect="slide" end="0,675" time="320" tween="cubic" easing="inout" condition="!Skin.HasSetting(lowermainmenu) + !StringCompare(Skin.String(MainMenu.Layout),$LOCALIZE[31994])">Conditional</animation>
			<animation effect="slide" end="420,0" time="320" tween="cubic" easing="inout" condition="StringCompare(Skin.String(MainMenu.Layout),$LOCALIZE[31994])">Conditional</animation>
			<animation effect="fade" start="100" end="0" time="200" delay="100" condition="Control.HasFocus(8002)">Conditional</animation>
			<animation effect="fade" start="100" end="0" time="200" delay="100" condition="[!StringCompare(Skin.String(MainMenu.Layout),$LOCALIZE[31994]) + Control.HasFocus(8002)] | [!StringCompare(Skin.String(MainMenu.Layout),$LOCALIZE[31994]) + Skin.HasSetting(Enable.PanelInfo) + Control.HasFocus(8001) + !StringCompare(Container(9000).ListItem.Property(widgetStyle),List)]">Conditional</animation>
			<control type="image">
				<description>bg image</description>
				<width>1920</width>
				<height>600</height>
				<texture>gradient_floor.png</texture>
				<visible>!Skin.HasSetting(lowermainmenu)</visible>
			</control>
			<control type="image">
				<description>bg image</description>
				<top>-40</top>
				<width>1920</width>
				<height>600</height>
				<texture flipy="true">gradient_floor.png</texture>
				<visible>Skin.HasSetting(lowermainmenu)</visible>
			</control>
			<control type="group">
				<left>40</left>
				<top>45</top>
				<visible>!Player.IsInternetStream + !VideoPlayer.Content(livetv)</visible>
				<control type="image">
					<left>100</left>
					<top>-10</top>
					<width>350</width>
					<height>350</height>
					<aligny>top</aligny>
					<aspectratio align="left">keep</aspectratio>
					<fadetime>300</fadetime>
					<animation effect="rotate" end="-360" center="auto" time="4800" loop="true" reversible="false" condition="!Player.Paused">Conditional</animation>
					<texture background="true" fallback="special://skin/extras/cdart/default.png" diffuse="thumbs/cdart_mask.png">$INFO[Player.FolderPath]cdart.png</texture>
					<bordersize>30</bordersize>
					<visible>!StringCompare(Skin.String(MainMenu.Layout),$LOCALIZE[31994])</visible>
				</control>
				<control type="image">
					<description>Cover image</description>
					<left>-28</left>
					<top>-18</top>
					<width>366</width>
					<height>366</height>
					<aspectratio align="right">keep</aspectratio>
					<texture diffuse="thumbs/cdcover_mask2.png" fallback="DefaultAlbumCover.png">$INFO[Player.Art(thumb)]</texture>
					<bordertexture border="28">thumbs/cd_shadow2.png</bordertexture>
					<bordersize>28</bordersize>
				</control>
				<control type="grouplist">
					<left>430</left>
					<height>310</height>
					<itemgap>12</itemgap>
					<align>center</align>
					<control type="label">
						<width>750</width>
						<height>40</height>
						<font>font48_title</font>
						<textcolor>white2</textcolor>
						<shadowcolor>black</shadowcolor>
						<label>$INFO[MusicPlayer.TrackNumber,,. ]$INFO[Player.Title]</label>
					</control>
					<control type="label">
						<width>750</width>
						<height>40</height>
						<font>font15</font>
						<textcolor>tomato</textcolor>
						<shadowcolor>black</shadowcolor>
						<label>$INFO[MusicPlayer.Artist]</label>
					</control>
					<control type="label">
						<width>750</width>
						<height>40</height>
						<font>font15</font>
						<textcolor>white2</textcolor>
						<shadowcolor>black</shadowcolor>
						<label>$INFO[MusicPlayer.Album]$INFO[musicplayer.discnumber, - $LOCALIZE[427]:]</label>
					</control>
					<control type="label">
						<width>750</width>
						<height>40</height>
						<font>font15</font>
						<textcolor>tomato</textcolor>
						<shadowcolor>black</shadowcolor>
						<label>$INFO[MusicPlayer.offset(1).TrackNumber,$LOCALIZE[19031]: [COLOR white2],[/COLOR]. ][COLOR white2]$INFO[MusicPlayer.offset(1).Artist,, - ]$INFO[MusicPlayer.offset(1).Title][/COLOR]</label>
					</control>
					<control type="label">
						<description>Time Label</description>
						<height>50</height>
						<width>750</width>
						<label>[COLOR white2]$INFO[Player.Time][/COLOR]$INFO[Player.Duration, / [COLOR=white2],[/COLOR]]</label>
						<font>font48</font>
						<textcolor>tomato</textcolor>
						<shadowcolor>black</shadowcolor>
					</control>
				</control>
			</control>
			<control type="group">
				<left>40</left>
				<top>45</top>
				<visible>Player.IsInternetStream | VideoPlayer.Content(livetv)</visible>
				<control type="image">
					<description>Cover image</description>
					<top>-20</top>
					<left>-20</left>
					<width>350</width>
					<height>350</height>
					<texture colordiffuse="11FFFFFF">back.png</texture>
					<bordertexture border="20">thumbs/thumb_shadow.png</bordertexture>
					<bordersize>20</bordersize>
				</control>
				<control type="image">
					<description>Cover image</description>
					<width>310</width>
					<height>310</height>
					<aspectratio>keep</aspectratio>
					<texture fallback="DefaultVideoCover.png">$VAR[HomeNowPlayingThumbVar]</texture>
				</control>
				<control type="grouplist">
					<left>350</left>
					<height>310</height>
					<itemgap>12</itemgap>
					<align>center</align>
					<control type="label">
						<width>840</width>
						<height>40</height>
						<font>font48_title</font>
						<textcolor>tomato</textcolor>
						<shadowcolor>black</shadowcolor>
						<label>$INFO[VideoPlayer.ChannelName]</label>
						<visible>VideoPlayer.Content(livetv)</visible>
					</control>
					<control type="label">
						<width>830</width>
						<height>40</height>
						<font>font48_title</font>
						<textcolor>white2</textcolor>
						<shadowcolor>black</shadowcolor>
						<label>$INFO[Player.Title]</label>
					</control>
					<control type="label">
						<width>830</width>
						<height>40</height>
						<font>font15</font>
						<textcolor>tomato</textcolor>
						<shadowcolor>black</shadowcolor>
						<label>$INFO[MusicPlayer.Artist]</label>
						<visible>Player.IsInternetStream + !IsEmpty(MusicPlayer.Artist)</visible>
					</control>
					<control type="label">
						<width>830</width>
						<height>40</height>
						<font>font15</font>
						<textcolor>tomato</textcolor>
						<shadowcolor>black</shadowcolor>
						<label>$INFO[MusicPlayer.Genre]</label>
						<visible>Player.IsInternetStream + !IsEmpty(MusicPlayer.Genre)</visible>
					</control>
					<control type="label">
						<width>830</width>
						<height>40</height>
						<font>font15</font>
						<textcolor>white2</textcolor>
						<shadowcolor>black</shadowcolor>
						<label>[COLOR=tomato]$LOCALIZE[19031]:[/COLOR] $INFO[MusicPlayer.offset(1).Title]</label>
						<visible>Player.IsInternetStream + !IsEmpty(MusicPlayer.offset(1).Title)</visible>
					</control>
					<control type="textbox">
						<width>840</width>
						<height max="120">auto</height>
						<font>font15</font>
						<textcolor>white</textcolor>
						<shadowcolor>black</shadowcolor>
						<label>$INFO[VideoPlayer.Plot]</label>
						<visible>VideoPlayer.Content(livetv)</visible>
						<autoscroll time="3000" delay="4000" repeat="5000">Skin.HasSetting(Enable.AutoScroll)</autoscroll>
					</control>
					<control type="label">
						<description>Time Label</description>
						<height>50</height>
						<width>830</width>
						<label>[COLOR=white2]$INFO[Player.Time][/COLOR]$INFO[Player.Duration, / [COLOR=white2],[/COLOR]]</label>
						<font>font48</font>
						<textcolor>$VAR[ThemeHomeLabelColor]</textcolor>
						<shadowcolor>black</shadowcolor>
					</control>
				</control>
			</control>
		</control>
	</include>
	<include name="RSSFeedWidget">
		<control type="group">
			<animation effect="slide" end="1945,0" time="240">WindowClose</animation>
			<animation effect="slide" start="1945,0" end="0,0" delay="300" time="240" condition="!window.previous(startup)">WindowOpen</animation>
			<animation effect="slide" start="1945" end="0" time="240">VisibleChange</animation>
			<animation effect="slide" start="1945,0" end="0,0" delay="800" time="480" condition="window.previous(startup)">WindowOpen</animation>
			<animation effect="slide" end="0,-90" time="300" tween="cubic" easing="inout" condition="ControlGroup(9001).HasFocus() + StringCompare(Skin.String(RSS.Position),$LOCALIZE[571])">conditional</animation>
			<animation effect="fade" start="100" end="0" time="300" condition="ControlGroup(9001).HasFocus() + StringCompare(Skin.String(RSS.Position),$LOCALIZE[571])">conditional</animation>
			<animation effect="slide" end="0,340" time="320" tween="cubic" easing="inout" condition="Skin.HasSetting(lowermainmenu) | [!Skin.HasSetting(lowermainmenu) + StringCompare(Skin.String(RSS.Position),$LOCALIZE[418])]">Conditional</animation>
			<animation effect="slide" end="0,84" time="320" tween="cubic" easing="inout" condition="StringCompare(Skin.String(RSS.Position),$LOCALIZE[418])">Conditional</animation>
			<top>612</top>
			<control type="group">
				<visible>!StringCompare(Skin.String(RSS.Position),$LOCALIZE[418])</visible>
				<control type="group">
					<visible>!StringCompare(Skin.String(RSS.Position),$LOCALIZE[571])</visible>
					<control type="image" id="90101">
						<left>50</left>
						<width>90</width>
						<height>87</height>
						<texture>submenu_end.png</texture>
					</control>
					<control type="image">
						<left>140</left>
						<width>1780</width>
						<height>87</height>
						<texture>submenu_bar.png</texture>
					</control>
				</control>
				<control type="group">
					<visible>StringCompare(Skin.String(RSS.Position),$LOCALIZE[571])</visible>
					<control type="image">
						<left>0</left>
						<width>FullScreenWidth</width>
						<height>87</height>
						<texture>submenu_bar.png</texture>
					</control>
				</control>
			</control>
			<control type="group">
				<top>-43.5</top>
				<visible>StringCompare(Skin.String(RSS.Position),$LOCALIZE[418])</visible>
				<control type="image" id="90101">
					<left>50</left>
					<width>90</width>
					<height>87</height>
					<texture flipy="true">submenu_end.png</texture>
				</control>
				<control type="image">
					<left>140</left>
					<width>1780</width>
					<height>87</height>
					<texture flipy="true">submenu_bar.png</texture>
				</control>
			</control>
			<control type="group">
				<control type="label">
					<left>1880</left>
					<top>0</top>
					<width>60</width>
					<height>41</height>
					<label></label>
					<font>IconSmall</font>
					<textcolor>$VAR[ThemeHomeLabelColor]</textcolor>
				</control>
				<control type="rss">
					<description>RSS feed</description>
					<left>140</left>
					<top>0</top>
					<height>30</height>
					<width>1730</width>
					<font>font13</font>
					<urlset>1</urlset>
					<textcolor>$VAR[ThemeHomeLabelColor]</textcolor>
					<titlecolor>$VAR[ThemeHomeLabelColor]</titlecolor>
					<headlinecolor>$VAR[RSSFeedColor]</headlinecolor>
					<shadowcolor>shadow</shadowcolor>
					<visible>!StringCompare(Skin.String(RSS.Position),$LOCALIZE[571])</visible>
				</control>
				<control type="rss">
					<description>RSS feed</description>
					<left>5</left>
					<top>0</top>
					<height>30</height>
					<width>1865</width>
					<font>font13</font>
					<urlset>1</urlset>
					<textcolor>$VAR[ThemeHomeLabelColor]</textcolor>
					<titlecolor>$VAR[ThemeHomeLabelColor]</titlecolor>
					<headlinecolor>$VAR[RSSFeedColor]</headlinecolor>
					<shadowcolor>shadow</shadowcolor>
					<visible>StringCompare(Skin.String(RSS.Position),$LOCALIZE[571])</visible>
				</control>
			</control>
		</control>
	</include>
	<include name="RSSFeedWidget2">
		<control type="group">
			<animation effect="slide" end="1870,0" time="240">WindowClose</animation>
			<animation effect="slide" start="1870,0" end="0,0" delay="300" time="240" condition="!window.previous(startup)">WindowOpen</animation>
			<animation effect="slide" start="1870" end="0" time="240">VisibleChange</animation>
			<animation effect="slide" start="1870,0" end="0,0" delay="800" time="480" condition="window.previous(startup)">WindowOpen</animation>
			<animation effect="slide" end="0,-946" time="320" tween="cubic" easing="inout" condition="Skin.HasSetting(lowermainmenu) | [!Skin.HasSetting(lowermainmenu) + StringCompare(Skin.String(RSS.Position),$LOCALIZE[419])]">Conditional</animation>
			<top>993</top>
			<control type="group">
				<animation effect="rotatex" end="180" time="320" center="20" tween="cubic" easing="inout" condition="true">Conditional</animation>
				<control type="image">
					<left>140</left>
					<width>1780</width>
					<height>87</height>
					<texture flipy="true">submenu_bar.png</texture>
				</control>
				<control type="image">
					<left>50</left>
					<width>90</width>
					<height>87</height>
					<texture flipy="true" border="78,0,0,0">submenu_end.png</texture>
				</control>
			</control>
			<control type="group">
				<animation effect="slide" end="0,-90" time="320" tween="cubic" easing="inout" condition="Skin.HasSetting(lowermainmenu) | [!Skin.HasSetting(lowermainmenu) + StringCompare(Skin.String(RSS.Position),$LOCALIZE[419])]">Conditional</animation>
				<control type="label">
					<left>1880</left>
					<top>44</top>
					<width>60</width>
					<height>41</height>
					<label></label>
					<font>IconSmall</font>
					<textcolor>$VAR[ThemeHomeLabelColor]</textcolor>
				</control>
				<control type="rss">
					<description>RSS feed</description>
					<left>140</left>
					<top>43</top>
					<height>30</height>
					<width>1730</width>
					<font>font13</font>
					<urlset>1</urlset>
					<textcolor>$VAR[ThemeHomeLabelColor]</textcolor>
					<titlecolor>$VAR[ThemeHomeLabelColor]</titlecolor>
					<headlinecolor>$VAR[RSSFeedColor]</headlinecolor>
					<shadowcolor>shadow</shadowcolor>
				</control>
			</control>
		</control>
	</include>
	<include name="RSSFeedWidgetVerticalMenu">
		<control type="group">
			<animation effect="slide" end="1460,0" time="240">WindowClose</animation>
			<animation effect="slide" start="1400,0" end="0,0" delay="300" time="240" condition="!window.previous(startup)">WindowOpen</animation>
			<animation effect="slide" start="1400,0" end="0,0" delay="800" time="480" condition="window.previous(startup)">WindowOpen</animation>
			<animation effect="slide" end="0,-993" time="320" tween="cubic" easing="inout" condition="[system.getbool(lookandfeel.enablerssfeeds) + StringCompare(Skin.String(VerticalMenuRSS.Position),$LOCALIZE[419])] | [!system.getbool(lookandfeel.enablerssfeeds) + StringCompare(Skin.String(VerticalMenuSystemBar.Position),$LOCALIZE[418])]">Conditional</animation>
			<animation effect="slide" end="1250,0" time="320" tween="cubic" easing="inout" condition="!system.getbool(lookandfeel.enablerssfeeds)">Conditional</animation>
			<animation effect="slide" end="100,0" time="320" tween="cubic" easing="inout" condition="!system.getbool(lookandfeel.enablerssfeeds) + !Skin.HasSetting(Disable.SearchButton) + !System.HasMediaDVD">Conditional</animation>
			<animation effect="slide" end="50,0" time="320" tween="cubic" easing="inout" condition="!system.getbool(lookandfeel.enablerssfeeds) + Skin.HasSetting(Disable.SearchButton) + System.HasMediaDVD">Conditional</animation>
			<visible>system.getbool(lookandfeel.enablerssfeeds) | [!system.getbool(lookandfeel.enablerssfeeds) + [!Skin.HasSetting(Disable.SearchButton) | System.HasMediaDVD]]</visible>
			<top>1036</top>
			<control type="group">
				<control type="image" id="90101">
					<left>420</left>
					<top>-43</top>
					<width>90</width>
					<height>87</height>
					<texture flipy="true">submenu_end.png</texture>
					<visible>[system.getbool(lookandfeel.enablerssfeeds) + IsEmpty(Skin.String(VerticalMenuRSS.Position))] | [!system.getbool(lookandfeel.enablerssfeeds) + IsEmpty(Skin.String(VerticalMenuSystemBar.Position))]</visible>
				</control>
				<control type="image">
					<left>510</left>
					<top>-43</top>
					<width>1410</width>
					<height>87</height>
					<texture flipy="true">submenu_bar.png</texture>
					<visible>[system.getbool(lookandfeel.enablerssfeeds) + IsEmpty(Skin.String(VerticalMenuRSS.Position))] | [!system.getbool(lookandfeel.enablerssfeeds) + IsEmpty(Skin.String(VerticalMenuSystemBar.Position))]</visible>
				</control>
				<control type="image" id="90101">
					<left>420</left>
					<top>-43</top>
					<width>90</width>
					<height>87</height>
					<texture>submenu_end.png</texture>
					<visible>[system.getbool(lookandfeel.enablerssfeeds) + StringCompare(Skin.String(VerticalMenuRSS.Position),$LOCALIZE[419])] | [!system.getbool(lookandfeel.enablerssfeeds) + StringCompare(Skin.String(VerticalMenuSystemBar.Position),$LOCALIZE[418])]</visible>
				</control>
				<control type="image">
					<left>510</left>
					<top>-43</top>
					<width>1410</width>
					<height>87</height>
					<texture flipx="true">submenu_bar.png</texture>
					<visible>[system.getbool(lookandfeel.enablerssfeeds) + StringCompare(Skin.String(VerticalMenuRSS.Position),$LOCALIZE[419])] | [!system.getbool(lookandfeel.enablerssfeeds) + StringCompare(Skin.String(VerticalMenuSystemBar.Position),$LOCALIZE[418])]</visible>
				</control>
			</control>
			<control type="group">
				<animation effect="slide" end="0,-46" time="320" tween="cubic" easing="inout" condition="[system.getbool(lookandfeel.enablerssfeeds) + StringCompare(Skin.String(VerticalMenuRSS.Position),$LOCALIZE[419])] | [!system.getbool(lookandfeel.enablerssfeeds) + StringCompare(Skin.String(VerticalMenuSystemBar.Position),$LOCALIZE[418])]">Conditional</animation>
				<control type="grouplist" id="9020">
					<top>3</top>
					<left>503</left>
					<width>1360</width>
					<height>41</height>
					<align>left</align>
					<orientation>horizontal</orientation>
					<onleft>9000</onleft>
					<ondown condition="Control.IsVisible(9003)">9003</ondown>
					<ondown condition="!Control.IsVisible(9003)">9000</ondown>
					<ondown condition="StringCompare(Skin.String(VerticalMenuRSS.Position),$LOCALIZE[419]) + Control.IsVisible(90010)">8001</ondown>
					<ondown condition="StringCompare(Skin.String(VerticalMenuRSS.Position),$LOCALIZE[419]) + !Control.IsVisible(90010) + Control.IsVisible(90020)">8002</ondown>
					<ondown condition="StringCompare(Skin.String(VerticalMenuRSS.Position),$LOCALIZE[419]) + !Control.IsVisible(90010) + !Control.IsVisible(90020)">9000</ondown>
					<onup condition="!StringCompare(Skin.String(VerticalMenuRSS.Position),$LOCALIZE[419]) + Control.IsVisible(90020)">8002</onup>
					<onup condition="!StringCompare(Skin.String(VerticalMenuRSS.Position),$LOCALIZE[419]) + Control.IsVisible(90010) + !Control.IsVisible(90020)">8001</onup>
					<onup condition="!StringCompare(Skin.String(VerticalMenuRSS.Position),$LOCALIZE[419]) + !Control.IsVisible(90010) + !Control.IsVisible(90020)">9000</onup>
					<control type="button" id="9027">
						<label></label>
						<textoffsetx>0</textoffsetx>
						<width>50</width>
						<height>41</height>
						<align>center</align>
						<font>IconTiny</font>
						<textcolor>grey</textcolor>
						<shadowcolor>shadow</shadowcolor>
						<onclick>RunAddon(script.globalsearch)</onclick>
						<animation type="Visible">
							<effect type="fade" start="0" end="100" tween="sine" easing="inout" time="300" />
							<effect type="zoom" start="50" end="100" center="auto" tween="sine" easing="inout" time="300" />
						</animation>
						<animation type="Hidden">
							<effect type="fade" start="100" end="0" tween="sine" easing="inout" time="300" />
							<effect type="zoom" start="100" end="50" center="auto" tween="sine" easing="inout" time="300" />
						</animation>
						<visible>System.HasAddon(script.globalsearch) + !Skin.HasSetting(Disable.SearchButton)</visible>
					</control>
					<control type="button" id="9021">
						<label></label>
						<textoffsetx>0</textoffsetx>
						<width>50</width>
						<height>41</height>
						<align>center</align>
						<font>IconTiny</font>
						<textcolor>grey</textcolor>
						<shadowcolor>shadow</shadowcolor>
						<visible>System.HasMediaDVD</visible>
						<onclick>EjectTray()</onclick>
						<animation type="Visible">
							<effect type="fade" start="0" end="100" tween="sine" easing="inout" time="300" />
							<effect type="zoom" start="50" end="100" center="auto" tween="sine" easing="inout" time="300" />
						</animation>
						<animation type="Hidden">
							<effect type="fade" start="100" end="0" tween="sine" easing="inout" time="300" />
							<effect type="zoom" start="100" end="50" center="auto" tween="sine" easing="inout" time="300" />
						</animation>
					</control>
					<control type="button" id="9022">
						<label></label>
						<textoffsetx>0</textoffsetx>
						<width>50</width>
						<height>41</height>
						<align>center</align>
						<font>IconTiny</font>
						<textcolor>grey</textcolor>
						<shadowcolor>shadow</shadowcolor>
						<visible>System.HasMediaDVD</visible>
						<onclick>PlayDVD</onclick>
						<animation type="Visible">
							<effect type="fade" start="0" end="100" tween="sine" easing="inout" time="300" />
							<effect type="zoom" start="50" end="100" center="auto" tween="sine" easing="inout" time="300" />
						</animation>
						<animation type="Hidden">
							<effect type="fade" start="100" end="0" tween="sine" easing="inout" time="300" />
							<effect type="zoom" start="100" end="50" center="auto" tween="sine" easing="inout" time="300" />
						</animation>
					</control>
					<control type="rss">
						<description>RSS feed</description>
						<height>30</height>
						<width min="1210" max="1360">auto</width>
						<font>font13</font>
						<urlset>1</urlset>
						<textcolor>$VAR[ThemeHomeLabelColor]</textcolor>
						<titlecolor>$VAR[ThemeHomeLabelColor]</titlecolor>
						<headlinecolor>$VAR[RSSFeedColor]</headlinecolor>
						<shadowcolor>shadow</shadowcolor>
						<visible>system.getbool(lookandfeel.enablerssfeeds)</visible>
					</control>
				</control>
				<control type="label">
					<left>1880</left>
					<top>0</top>
					<width>60</width>
					<height>41</height>
					<label></label>
					<font>IconSmall</font>
					<textcolor>$VAR[ThemeHomeLabelColor]</textcolor>
					<visible>system.getbool(lookandfeel.enablerssfeeds)</visible>
				</control>
			</control>
		</control>
	</include>
	<include name="WeatherWidget">
		<control type="group">
			<animation effect="slide" tween="cubic" time="720" start="0,-1080" end="0,0">WindowOpen</animation>
			<animation effect="slide" tween="cubic" time="720" end="0,-1080" start="0,0">WindowClose</animation>
			<animation effect="slide" tween="cubic" time="320" end="0,-40" condition="Skin.HasSetting(lowermainmenu)">Conditional</animation>
			<include>VisibleFadeEffect</include>
			<visible>!Skin.HasSetting(Enable.AdvancedWidgets) + StringCompare(Container(9000).ListItem.Property(widget),weather) + !StringCompare(Skin.String(MainMenu.Layout),$LOCALIZE[31994])</visible>
			<control type="image">
				<left>0</left>
				<top>0</top>
				<width>FullScreenWidth</width>
				<height>630</height>
				<texture flipy="true" border="1">nowplaying_shadow.png</texture>
				<animation effect="rotatex" end="180" time="320" center="20" tween="cubic" easing="inout" condition="Skin.HasSetting(lowermainmenu)">Conditional</animation>
				<animation effect="slide" end="0,-810" time="320" tween="cubic" easing="inout" condition="Skin.HasSetting(lowermainmenu)">Conditional</animation>
			</control>
			<control type="image">
				<top>715</top>
				<width>FullScreenWidth</width>
				<height>50</height>
				<texture>v2.png</texture>
				<animation effect="slide" end="0,-506" time="320" tween="cubic" easing="inout" condition="!Skin.HasSetting(lowermainmenu)">Conditional</animation>
			</control>
			<control type="panel" id="300">
				<left>0</left>
				<top>40</top>
				<width>FullScreenWidth</width>
				<height>300</height>
				<onup>9000</onup>
				<ondown>9000</ondown>
				<orientation>horizontal</orientation>
				<scrolltime tween="quadratic" easing="out">200</scrolltime>
				<animation effect="slide" end="0,508" time="320" tween="cubic" easing="inout" condition="Skin.HasSetting(lowermainmenu)">Conditional</animation>
				<itemlayout height="300" width="320">
					<control type="image">
						<left>327</left>
						<width>2</width>
						<height>300</height>
						<texture border="1">separator3.png</texture>
					</control>
					<control type="image">
						<description>current weather icon</description>
						<top>60</top>
						<width>320</width>
						<height>100</height>
						<texture>$INFO[ListItem.Icon]</texture>
						<aspectratio aligny="top">keep</aspectratio>
					</control>
					<control type="label">
						<width>320</width>
						<height>60</height>
						<font>font15</font>
						<align>center</align>
						<textcolor>white2</textcolor>
						<shadowcolor>black</shadowcolor>
						<selectedcolor>$VAR[ThemeHomeLabelColor]</selectedcolor>
						<label>$INFO[ListItem.Label]</label>
						<textoffsetx>15</textoffsetx>
					</control>
					<control type="label">
						<top>160</top>
						<width>320</width>
						<height>60</height>
						<font>font15</font>
						<align>center</align>
						<textcolor>white2</textcolor>
						<shadowcolor>black</shadowcolor>
						<selectedcolor>$VAR[ThemeHomeLabelColor]</selectedcolor>
						<label>$INFO[ListItem.Label2]</label>
						<textoffsetx>15</textoffsetx>
					</control>
					<control type="label">
						<top>240</top>
						<width>320</width>
						<height>60</height>
						<font>font15</font>
						<align>center</align>
						<textcolor>white2</textcolor>
						<shadowcolor>black</shadowcolor>
						<selectedcolor>$VAR[ThemeHomeLabelColor]</selectedcolor>
						<label>$INFO[ListItem.Property(HighTemp),[COLOR red],[/COLOR]]$INFO[ListItem.Property(LowTemp), | [COLOR blue],[/COLOR]]</label>
						<textoffsetx>15</textoffsetx>
					</control>
				</itemlayout>
				<focusedlayout height="300" width="320">
					<control type="image">
						<left>318</left>
						<width>2</width>
						<height>300</height>
						<texture border="1">separator3.png</texture>
					</control>
					<control type="image">
						<width>320</width>
						<height>300</height>
						<texture border="4">listselect_fo.png</texture>
					</control>
					<control type="image">
						<description>current weather icon</description>
						<top>60</top>
						<width>320</width>
						<height>100</height>
						<texture>$INFO[ListItem.Icon]</texture>
						<aspectratio aligny="top">keep</aspectratio>
					</control>
					<control type="label">
						<width>320</width>
						<height>60</height>
						<font>font15</font>
						<align>center</align>
						<selectedcolor>$VAR[ThemeHomeLabelColor]</selectedcolor>
						<shadowcolor>black</shadowcolor>
						<label>$INFO[ListItem.Label]</label>
						<textoffsetx>15</textoffsetx>
					</control>
					<control type="label">
						<top>160</top>
						<width>320</width>
						<height>60</height>
						<font>font15</font>
						<align>center</align>
						<selectedcolor>$VAR[ThemeHomeLabelColor]</selectedcolor>
						<shadowcolor>black</shadowcolor>
						<label>$INFO[ListItem.Label2]</label>
						<textoffsetx>15</textoffsetx>
					</control>
					<control type="label">
						<top>240</top>
						<width>320</width>
						<height>60</height>
						<font>font15</font>
						<align>center</align>
						<shadowcolor>black</shadowcolor>
						<selectedcolor>$VAR[ThemeHomeLabelColor]</selectedcolor>
						<label>$INFO[ListItem.Property(HighTemp),[COLOR red],[/COLOR]]$INFO[ListItem.Property(LowTemp), | [COLOR blue],[/COLOR]]</label>
						<textoffsetx>15</textoffsetx>
					</control>
				</focusedlayout>
				<content>
					<item>
						<label>$LOCALIZE[31909]</label>
						<icon>-</icon>
						<onclick>noop</onclick>
						<visible>!Weather.IsFetched</visible>
					</item>
					<item>
						<label>$INFO[Window(weather).Property(Day0.Title)]</label>
						<label2>$INFO[Window(weather).Property(Day0.Outlook)]</label2>
						<icon>$VAR[WeatherOverviewIcon0Var]</icon>
						<property name="HighTemp">$INFO[Window(weather).Property(Day0.HighTemp)]$INFO[System.TemperatureUnits]</property>
						<property name="LowTemp">$INFO[Window(weather).Property(Day0.LowTemp)]$INFO[System.TemperatureUnits]</property>
						<onclick>noop</onclick>
					</item>
					<item>
						<label>$INFO[Window(weather).Property(Day1.Title)]</label>
						<label2>$INFO[Window(weather).Property(Day1.Outlook)]</label2>
						<icon>$VAR[WeatherOverviewIcon1Var]</icon>
						<property name="HighTemp">$INFO[Window(weather).Property(Day1.HighTemp)]$INFO[System.TemperatureUnits]</property>
						<property name="LowTemp">$INFO[Window(weather).Property(Day1.LowTemp)]$INFO[System.TemperatureUnits]</property>
						<onclick>noop</onclick>
					</item>
					<item>
						<label>$INFO[Window(weather).Property(Day2.Title)]</label>
						<label2>$INFO[Window(weather).Property(Day2.Outlook)]</label2>
						<icon>$VAR[WeatherOverviewIcon2Var]</icon>
						<property name="HighTemp">$INFO[Window(weather).Property(Day2.HighTemp)]$INFO[System.TemperatureUnits]</property>
						<property name="LowTemp">$INFO[Window(weather).Property(Day2.LowTemp)]$INFO[System.TemperatureUnits]</property>
						<onclick>noop</onclick>
					</item>
					<item>
						<label>$INFO[Window(weather).Property(Day3.Title)]</label>
						<label2>$INFO[Window(weather).Property(Day3.Outlook)]</label2>
						<icon>$VAR[WeatherOverviewIcon3Var]</icon>
						<property name="HighTemp">$INFO[Window(weather).Property(Day3.HighTemp)]$INFO[System.TemperatureUnits]</property>
						<property name="LowTemp">$INFO[Window(weather).Property(Day3.LowTemp)]$INFO[System.TemperatureUnits]</property>
						<onclick>noop</onclick>
					</item>
					<item>
						<label>$INFO[Window(weather).Property(Day4.Title)]</label>
						<label2>$INFO[Window(weather).Property(Day4.Outlook)]</label2>
						<icon>$VAR[WeatherOverviewIcon4Var]</icon>
						<property name="HighTemp">$INFO[Window(weather).Property(Day4.HighTemp)]$INFO[System.TemperatureUnits]</property>
						<property name="LowTemp">$INFO[Window(weather).Property(Day4.LowTemp)]$INFO[System.TemperatureUnits]</property>
						<onclick>noop</onclick>
					</item>
					<item>
						<label>$INFO[Window(weather).Property(Day5.Title)]</label>
						<label2>$INFO[Window(weather).Property(Day5.Outlook)]</label2>
						<icon>$VAR[WeatherOverviewIcon5Var]</icon>
						<property name="HighTemp">$INFO[Window(weather).Property(Day5.HighTemp)]$INFO[System.TemperatureUnits]</property>
						<property name="LowTemp">$INFO[Window(weather).Property(Day5.LowTemp)]$INFO[System.TemperatureUnits]</property>
						<onclick>noop</onclick>
					</item>
					<item>
						<label>$INFO[Window(weather).Property(Day6.Title)]</label>
						<label2>$INFO[Window(weather).Property(Day6.Outlook)]</label2>
						<icon>$VAR[WeatherOverviewIcon6Var]</icon>
						<property name="HighTemp">$INFO[Window(weather).Property(Day6.HighTemp)]$INFO[System.TemperatureUnits]</property>
						<property name="LowTemp">$INFO[Window(weather).Property(Day6.LowTemp)]$INFO[System.TemperatureUnits]</property>
						<onclick>noop</onclick>
					</item>
				</content>
			</control>
		</control>
		<control type="group">
			<animation effect="slide" tween="cubic" time="720" start="0,-1080" end="0,0">WindowOpen</animation>
			<animation effect="slide" tween="cubic" time="720" end="0,-1080" start="0,0">WindowClose</animation>
			<include>VisibleFadeEffect</include>
			<visible>!Skin.HasSetting(Enable.AdvancedWidgets) + StringCompare(Container(9000).ListItem.Property(widget),weather) + StringCompare(Skin.String(MainMenu.Layout),$LOCALIZE[31994])</visible>
			<left>485</left>
			<top>-110</top>
			<control type="image">
				<left>-50</left>
				<top>445</top>
				<width>FullScreenWidth</width>
				<height>280</height>
				<texture>nowplaying_shadow.png</texture>
				<animation effect="fade" start="100" end="80" time="240" condition="true">conditional</animation>
			</control>
			<control type="image">
				<left>-60</left>
				<top>675</top>
				<width>FullScreenWidth</width>
				<height>260</height>
				<texture flipy="true">nowplaying_shadow.png</texture>
				<animation effect="fade" start="100" end="80" time="240" condition="true">conditional</animation>
			</control>
			<control type="panel" id="300">
				<left>-60</left>
				<top>0</top>
				<width>FullScreenWidth</width>
				<height>300</height>
				<onup>9000</onup>
				<ondown>9000</ondown>
				<orientation>horizontal</orientation>
				<scrolltime tween="quadratic" easing="out">200</scrolltime>
				<animation effect="slide" end="0,508" time="320" tween="cubic" easing="inout" condition="true">Conditional</animation>
				<itemlayout height="300" width="300">
					<control type="image">
						<left>307</left>
						<width>2</width>
						<height>300</height>
						<texture border="1">separator3.png</texture>
					</control>
					<control type="image">
						<description>current weather icon</description>
						<top>60</top>
						<width>300</width>
						<height>100</height>
						<texture>$INFO[ListItem.Icon]</texture>
						<aspectratio aligny="top">keep</aspectratio>
					</control>
					<control type="label">
						<width>300</width>
						<height>60</height>
						<font>font14</font>
						<align>center</align>
						<textcolor>white2</textcolor>
						<shadowcolor>black</shadowcolor>
						<selectedcolor>$VAR[ThemeHomeLabelColor]</selectedcolor>
						<label>$INFO[ListItem.Label]</label>
						<textoffsetx>15</textoffsetx>
					</control>
					<control type="label">
						<top>160</top>
						<width>300</width>
						<height>60</height>
						<font>font14</font>
						<align>center</align>
						<textcolor>white2</textcolor>
						<shadowcolor>black</shadowcolor>
						<selectedcolor>$VAR[ThemeHomeLabelColor]</selectedcolor>
						<label>$INFO[ListItem.Label2]</label>
						<textoffsetx>15</textoffsetx>
					</control>
					<control type="label">
						<top>240</top>
						<width>300</width>
						<height>60</height>
						<font>font14</font>
						<align>center</align>
						<textcolor>white2</textcolor>
						<shadowcolor>black</shadowcolor>
						<selectedcolor>$VAR[ThemeHomeLabelColor]</selectedcolor>
						<label>$INFO[ListItem.Property(HighTemp),[COLOR red],[/COLOR]]$INFO[ListItem.Property(LowTemp), | [COLOR blue],[/COLOR]]</label>
						<textoffsetx>15</textoffsetx>
					</control>
				</itemlayout>
				<focusedlayout height="300" width="300">
					<control type="image">
						<left>298</left>
						<width>2</width>
						<height>300</height>
						<texture border="1">separator3.png</texture>
					</control>
					<control type="image">
						<width>300</width>
						<height>300</height>
						<texture border="4">listselect_fo.png</texture>
					</control>
					<control type="image">
						<description>current weather icon</description>
						<top>60</top>
						<width>300</width>
						<height>100</height>
						<texture>$INFO[ListItem.Icon]</texture>
						<aspectratio aligny="top">keep</aspectratio>
					</control>
					<control type="label">
						<width>300</width>
						<height>60</height>
						<font>font14</font>
						<align>center</align>
						<selectedcolor>$VAR[ThemeHomeLabelColor]</selectedcolor>
						<shadowcolor>black</shadowcolor>
						<label>$INFO[ListItem.Label]</label>
						<textoffsetx>15</textoffsetx>
					</control>
					<control type="label">
						<top>160</top>
						<width>300</width>
						<height>60</height>
						<font>font14</font>
						<align>center</align>
						<selectedcolor>$VAR[ThemeHomeLabelColor]</selectedcolor>
						<shadowcolor>black</shadowcolor>
						<label>$INFO[ListItem.Label2]</label>
						<textoffsetx>15</textoffsetx>
					</control>
					<control type="label">
						<top>240</top>
						<width>300</width>
						<height>60</height>
						<font>font14</font>
						<align>center</align>
						<shadowcolor>black</shadowcolor>
						<selectedcolor>$VAR[ThemeHomeLabelColor]</selectedcolor>
						<label>$INFO[ListItem.Property(HighTemp),[COLOR red],[/COLOR]]$INFO[ListItem.Property(LowTemp), | [COLOR blue],[/COLOR]]</label>
						<textoffsetx>15</textoffsetx>
					</control>
				</focusedlayout>
				<content>
					<item>
						<label>$LOCALIZE[31909]</label>
						<icon>-</icon>
						<onclick>noop</onclick>
						<visible>!Weather.IsFetched</visible>
					</item>
					<item>
						<label>$INFO[Window(weather).Property(Day0.Title)]</label>
						<label2>$INFO[Window(weather).Property(Day0.Outlook)]</label2>
						<icon>$VAR[WeatherOverviewIcon0Var]</icon>
						<property name="HighTemp">$INFO[Window(weather).Property(Day0.HighTemp)]$INFO[System.TemperatureUnits]</property>
						<property name="LowTemp">$INFO[Window(weather).Property(Day0.LowTemp)]$INFO[System.TemperatureUnits]</property>
						<onclick>noop</onclick>
					</item>
					<item>
						<label>$INFO[Window(weather).Property(Day1.Title)]</label>
						<label2>$INFO[Window(weather).Property(Day1.Outlook)]</label2>
						<icon>$VAR[WeatherOverviewIcon1Var]</icon>
						<property name="HighTemp">$INFO[Window(weather).Property(Day1.HighTemp)]$INFO[System.TemperatureUnits]</property>
						<property name="LowTemp">$INFO[Window(weather).Property(Day1.LowTemp)]$INFO[System.TemperatureUnits]</property>
						<onclick>noop</onclick>
					</item>
					<item>
						<label>$INFO[Window(weather).Property(Day2.Title)]</label>
						<label2>$INFO[Window(weather).Property(Day2.Outlook)]</label2>
						<icon>$VAR[WeatherOverviewIcon2Var]</icon>
						<property name="HighTemp">$INFO[Window(weather).Property(Day2.HighTemp)]$INFO[System.TemperatureUnits]</property>
						<property name="LowTemp">$INFO[Window(weather).Property(Day2.LowTemp)]$INFO[System.TemperatureUnits]</property>
						<onclick>noop</onclick>
					</item>
					<item>
						<label>$INFO[Window(weather).Property(Day3.Title)]</label>
						<label2>$INFO[Window(weather).Property(Day3.Outlook)]</label2>
						<icon>$VAR[WeatherOverviewIcon3Var]</icon>
						<property name="HighTemp">$INFO[Window(weather).Property(Day3.HighTemp)]$INFO[System.TemperatureUnits]</property>
						<property name="LowTemp">$INFO[Window(weather).Property(Day3.LowTemp)]$INFO[System.TemperatureUnits]</property>
						<onclick>noop</onclick>
					</item>
					<item>
						<label>$INFO[Window(weather).Property(Day4.Title)]</label>
						<label2>$INFO[Window(weather).Property(Day4.Outlook)]</label2>
						<icon>$VAR[WeatherOverviewIcon4Var]</icon>
						<property name="HighTemp">$INFO[Window(weather).Property(Day4.HighTemp)]$INFO[System.TemperatureUnits]</property>
						<property name="LowTemp">$INFO[Window(weather).Property(Day4.LowTemp)]$INFO[System.TemperatureUnits]</property>
						<onclick>noop</onclick>
					</item>
				</content>
			</control>
		</control>
	</include>
	<include name="LiveTVWidget">
		<control type="group">
			<left>490r</left>
			<top>45</top>
			<visible>!IsEmpty(Container(9000).ListItem.Property(widgetLiveTV))</visible>
			<include>VisibleFadeEffect</include>
			<include>Window_OpenClose_Animation</include>
			<animation effect="fade" start="100" end="0" time="200" condition="Control.HasFocus(8002)">Conditional</animation>
			<animation effect="slide" end="0,735" time="0" tween="cubic" easing="inout" condition="!Skin.HasSetting(lowermainmenu) | StringCompare(Skin.String(MainMenu.Layout),$LOCALIZE[31994])">Conditional</animation>
			<control type="group">
				<animation effect="slide" start="0,0" end="0,100" time="0" condition="PVR.IsRecording">conditional</animation>
				<visible>PVR.HasNonRecordingTimer</visible>
				<height>120</height>
				<top>30</top>
				<control type="image">
					<left>-200</left>
					<top>0</top>
					<width>800</width>
					<height>120</height>
					<texture flipx="true" border="40,0,0,0" >side_fade.png</texture>
				</control>
				<control type="image">
					<left>390</left>
					<top>0</top>
					<width>90</width>
					<height>120</height>
					<aspectratio>keep</aspectratio>
					<texture background="true" fallback="DefaultTVShows.png">$INFO[PVR.NextRecordingChannelIcon]</texture>
				</control>
				<control type="label">
					<left>340</left>
					<top>12</top>
					<height>26</height>
					<width>26</width>
					<textoffsetx>15</textoffsetx>
					<font>IconTiny</font>
					<textcolor>tomato</textcolor>
					<label></label>
				</control>
				<control type="label">
					<description>Next Timer Header label</description>
					<left>-55</left>
					<top>12</top>
					<height>25</height>
					<width>400</width>
					<label>$LOCALIZE[19157][COLOR=grey]$INFO[PVR.NextRecordingChannel, - ,][/COLOR]</label>
					<align>right</align>
					<aligny>center</aligny>
					<font>font13</font>
					<textcolor>tomato</textcolor>
					<shadowcolor>black</shadowcolor>
				</control>
				<control type="label">
					<description>NextRecordingDateTime</description>
					<left>-20</left>
					<top>48</top>
					<height>25</height>
					<width>400</width>
					<label>$INFO[PVR.NextRecordingDateTime,$LOCALIZE[19126] - ]</label>
					<align>right</align>
					<aligny>center</aligny>
					<font>font13</font>
					<scroll>true</scroll>
					<shadowcolor>black</shadowcolor>
				</control>
				<control type="label">
					<description>NextRecordingTitle Channel</description>
					<left>-420</left>
					<top>85</top>
					<height>25</height>
					<width>800</width>
					<label>$INFO[PVR.NextRecordingTitle]</label>
					<align>right</align>
					<aligny>center</aligny>
					<font>font13_title</font>
					<textcolor>white</textcolor>
					<shadowcolor>black</shadowcolor>
					<scroll>true</scroll>
				</control>
			</control>
			<control type="group">
				<visible>PVR.IsRecording</visible>
				<height>150</height>
				<control type="image">
					<left>-200</left>
					<top>0</top>
					<width>800</width>
					<height>120</height>
					<texture flipx="true" border="40,0,0,0" >side_fade.png</texture>
				</control>
				<control type="image">
					<left>390</left>
					<top>0</top>
					<width>90</width>
					<height>120</height>
					<aspectratio>keep</aspectratio>
					<texture background="true" fallback="DefaultTVShows.png">$INFO[PVR.NowRecordingChannelIcon]</texture>
				</control>
				<control type="label">
					<left>340</left>
					<top>12</top>
					<height>26</height>
					<width>26</width>
					<textoffsetx>15</textoffsetx>
					<font>IconTiny</font>
					<textcolor>red</textcolor>
					<label></label>
				</control>
				<control type="label">
					<description>Is Recording Header label</description>
					<left>-55</left>
					<top>12</top>
					<height>25</height>
					<width>400</width>
					<label>$LOCALIZE[19158][COLOR=grey]$INFO[PVR.NowRecordingChannel, - ,][/COLOR]</label>
					<align>right</align>
					<aligny>center</aligny>
					<font>font13</font>
					<textcolor>tomato</textcolor>
					<shadowcolor>black</shadowcolor>
				</control>
				<control type="label">
					<description>NowRecordingDateTime</description>
					<left>-20</left>
					<top>48</top>
					<height>25</height>
					<width>400</width>
					<label>$INFO[PVR.NowRecordingDateTime,$LOCALIZE[19126] - ]</label>
					<align>right</align>
					<aligny>center</aligny>
					<font>font13</font>
					<scroll>true</scroll>
					<shadowcolor>black</shadowcolor>
				</control>
				<control type="label">
					<description>NowRecordingTitle Channel</description>
					<left>-420</left>
					<top>85</top>
					<height>25</height>
					<width>800</width>
					<label>$INFO[PVR.NowRecordingTitle]</label>
					<align>right</align>
					<aligny>center</aligny>
					<font>font13_title</font>
					<textcolor>white</textcolor>
					<shadowcolor>black</shadowcolor>
					<scroll>true</scroll>
				</control>
			</control>
		</control>
	</include>
</includes>