<?xml version="1.0" encoding="UTF-8"?>
<window type="dialog">
	<defaultcontrol always="true">90001</defaultcontrol>
	<controls>
		<control type="group">
			<visible>IsEmpty(Window.Property(additionalDialog))</visible>
			<left>0</left>
			<top>128</top>
			<control type="list" id="211">
				<left>82</left>
				<top>32</top>
				<width>356</width>
				<height>740</height>
				<onright>90001</onright>
				<onup>211</onup>
				<ondown>211</ondown>
				<scrolltime tween="quadratic" easing="out">200</scrolltime>
				<include>SettingsFadeEffect</include>
				<itemlayout height="90" width="356">
					<control type="image">
						<top>30</top>
						<width>356</width>
						<height>60</height>
						<texture border="1">separator2.png</texture>
					</control>
					<control type="label">
						<width>356</width>
						<height>90</height>
						<font>font15_title</font>
						<textoffsetx>20</textoffsetx>
						<textcolor>grey2</textcolor>
						<selectedcolor>$VAR[ThemeLabelColor]</selectedcolor>
						<align>right</align>
						<aligny>center</aligny>
						<label>$INFO[ListItem.Label]</label>
						<visible>!StringCompare(Skin.String(MainMenu.Layout),$LOCALIZE[536])</visible>
					</control>
					<control type="label">
						<left>50</left>
						<width>306</width>
						<height>90</height>
						<font>font15_title</font>
						<textoffsetx>20</textoffsetx>
						<textcolor>grey2</textcolor>
						<selectedcolor>$VAR[ThemeLabelColor]</selectedcolor>
						<align>right</align>
						<aligny>center</aligny>
						<label>$INFO[ListItem.Label]</label>
						<visible>StringCompare(Skin.String(MainMenu.Layout),$LOCALIZE[536])</visible>
					</control>
					<control type="image">
						<left>0</left>
						<top>10</top>
						<width>66</width>
						<height>66</height>
						<texture colordiffuse="grey2">$INFO[ListItem.Icon]</texture>
						<visible>StringCompare(Skin.String(MainMenu.Layout),$LOCALIZE[536])</visible>
					</control>
				</itemlayout>
				<focusedlayout height="90" width="356">
					<control type="image">
						<top>30</top>
						<width>356</width>
						<height>60</height>
						<texture border="1">separator2.png</texture>
					</control>
					<control type="image">
						<width>356</width>
						<height>90</height>
						<texture colordiffuse="$VAR[HighlightBarColor]" border="4">listselect_fo.png</texture>
						<animation effect="fade" start="100" end="40" time="300" tween="sine" easing="inout" condition="!Control.HasFocus(211)">Conditional</animation>
					</control>
					<control type="label">
						<width>356</width>
						<height>90</height>
						<font>font15_title</font>
						<textoffsetx>20</textoffsetx>
						<textcolor>white</textcolor>
						<selectedcolor>$VAR[ThemeLabelColor]</selectedcolor>
						<align>right</align>
						<aligny>center</aligny>
						<label>$INFO[ListItem.Label]</label>
						<visible>!StringCompare(Skin.String(MainMenu.Layout),$LOCALIZE[536])</visible>
						<animation effect="fade" start="100" end="50" time="300" tween="sine" easing="inout" condition="!Control.HasFocus(211)">Conditional</animation>
					</control>
					<control type="label">
						<left>50</left>
						<width>306</width>
						<height>90</height>
						<font>font15_title</font>
						<textoffsetx>20</textoffsetx>
						<textcolor>white</textcolor>
						<selectedcolor>$VAR[ThemeLabelColor]</selectedcolor>
						<align>right</align>
						<aligny>center</aligny>
						<label>$INFO[ListItem.Label]</label>
						<visible>StringCompare(Skin.String(MainMenu.Layout),$LOCALIZE[536])</visible>
						<animation effect="fade" start="100" end="50" time="300" tween="sine" easing="inout" condition="!Control.HasFocus(211)">Conditional</animation>
					</control>
					<control type="image">
						<left>0</left>
						<top>10</top>
						<width>66</width>
						<height>66</height>
						<texture>$INFO[ListItem.Icon]</texture>
						<visible>StringCompare(Skin.String(MainMenu.Layout),$LOCALIZE[536])</visible>
						<animation effect="fade" start="100" end="50" time="300" tween="sine" easing="inout" condition="!Control.HasFocus(211)">Conditional</animation>
					</control>
				</focusedlayout>
			</control>
			<control type="textbox">
				<description>description area</description>
				<left>552</left>
				<top>754</top>
				<width>1256</width>
				<height>115</height>
				<font>font15_textbox</font>
				<align>left</align>
				<textcolor>grey2</textcolor>
				<label>$VAR[MainMenuCustomizerDescriptionVar]</label>
				<autoscroll time="3000" delay="4000" repeat="5000">true</autoscroll>
				<animation effect="fade" start="0" end="100" time="300" tween="sine" easing="inout">Visible</animation>
				<animation effect="fade" start="100" end="0" time="0" tween="sine" easing="inout">Hidden</animation>
			</control>
			<control type="grouplist" id="90001">
				<description>control area</description>
				<left>522</left>
				<top>32</top>
				<width>1316</width>
				<height>720</height>
				<itemgap>0</itemgap>
				<onleft>211</onleft>
				<onup>90001</onup>
				<ondown>90001</ondown>
				<!-- <control type="radiobutton" id="4000">
					<description>Enable Advanced Widgets</description>
					<width>1316</width>
					<height>90</height>
					<textoffsetx>30</textoffsetx>
					<font>font15</font>
					<label>Enable Advanced Widgets</label>
					<onclick>Skin.ToggleSetting(Enable.AdvancedWidgets)</onclick>
					<selected>Skin.HasSetting(Enable.AdvancedWidgets)</selected>
					<texturenofocus border="1">separator5.png</texturenofocus>
				</control> -->
				<control type="button" id="401">
					<description>Choose shortcut</description>
					<width>1316</width>
					<height>90</height>
					<textoffsetx>30</textoffsetx>
					<font>font15</font>
					<label>$ADDON[script.skinshortcuts 32048]</label>
					<texturenofocus border="1">separator5.png</texturenofocus>
				</control>
				<control type="button" id="305">
					<description>Change label</description>
					<width>1316</width>
					<height>90</height>
					<textoffsetx>30</textoffsetx>
					<font>font15</font>
					<label>$ADDON[script.skinshortcuts 32025]</label>
					<label2>$INFO[Container(211).ListItem.Label]</label2>
					<texturenofocus border="1">separator5.png</texturenofocus>
				</control>
				<control type="button" id="307">
					<description>Change action</description>
					<width>1316</width>
					<height>90</height>
					<textoffsetx>30</textoffsetx>
					<font>font15</font>
					<label>$ADDON[script.skinshortcuts 32027]</label>
					<label2>$INFO[Container(211).ListItem.Property(displaypath)]</label2>
					<texturenofocus border="1">separator5.png</texturenofocus>
				</control>
				<control type="button" id="405">
					<description>Edit submenu</description>
					<width>1316</width>
					<height>90</height>
					<textoffsetx>30</textoffsetx>
					<font>font15</font>
					<label>$LOCALIZE[31080]</label>
					<visible>StringCompare(Window.Property(groupname),mainmenu)</visible>
					<texturenofocus border="1">separator5.png</texturenofocus>
				</control>
				<control type="button" id="310">
					<description>Change background</description>
					<width>1316</width>
					<height>90</height>
					<textoffsetx>30</textoffsetx>
					<font>font15</font>
					<label>$ADDON[script.skinshortcuts 32045]</label>
					<label2>$INFO[Container(211).ListItem.Property(backgroundName)]</label2>
					<texturenofocus border="1">separator5.png</texturenofocus>
				</control>
				<control type="button" id="306">
					<description>Change icon</description>
					<width>1316</width>
					<height>90</height>
					<textoffsetx>30</textoffsetx>
					<font>font15</font>
					<label>$LOCALIZE[31047]</label>
					<label2>-</label2>
					<visible>StringCompare(Skin.String(MainMenu.Layout),$LOCALIZE[536])</visible>
					<texturenofocus border="1">separator5.png</texturenofocus>
				</control>
				<control type="button" id="510">
					<description>Choose infoline</description>
					<width>1316</width>
					<height>90</height>
					<textoffsetx>30</textoffsetx>
					<font>font15</font>
					<label>$LOCALIZE[31049]</label>
					<label2>$INFO[Container(211).ListItem.Property(InfoLine)]</label2>
					<visible>StringCompare(Window.Property(groupname),mainmenu)</visible>
					<onclick>SetProperty(chooseProperty,InfoLine)</onclick>
					<onclick>SendClick(404)</onclick>
					<texturenofocus border="1">separator5.png</texturenofocus>
				</control>
				<control type="button" id="312">
					<description>Change widget 1</description>
					<width>1316</width>
					<height>90</height>
					<textoffsetx>30</textoffsetx>
					<font>font15</font>
					<label>$ADDON[script.skinshortcuts 32044]</label>
					<label2>$INFO[Container(211).ListItem.Property(widgetName)]</label2>
					<onclick>SetProperty(customProperty,widgetArt)</onclick>
					<onclick>SendClick(404)</onclick>
					<visible>StringCompare(Window.Property(groupname),mainmenu)</visible>
					<texturenofocus border="1">separator5.png</texturenofocus>
				</control>
				<control type="button" id="511">
					<description>Change widget art 1</description>
					<width>1316</width>
					<height>60</height>
					<textoffsetx>30</textoffsetx>
					<font>font13</font>
					<label> - $LOCALIZE[31274]</label>
					<label2>$VAR[WidgetArtLabelVar]</label2>
					<visible>StringCompare(Window.Property(groupname),mainmenu)</visible>
					<visible>!IsEmpty(Container(211).ListItem.Property(widgetPath))</visible>
					<visible>Skin.HasSetting(Enable.AdvancedWidgets)</visible>
					<texturenofocus border="1">separator5.png</texturenofocus>
				</control>
				<control type="button" id="517">
					<description>Change widget case 1</description>
					<width>1316</width>
					<height>60</height>
					<textoffsetx>30</textoffsetx>
					<font>font13</font>
					<label> - $LOCALIZE[31275]</label>
					<label2>$VAR[WidgetCaseLabelVar]</label2>
					<visible>!IsEmpty(Container(211).ListItem.Property(widgetPath))</visible>
					<visible>Skin.HasSetting(Enable.AdvancedWidgets)</visible>
					<texturenofocus border="1">separator5.png</texturenofocus>
				</control>
				<control type="button" id="509">
					<description>Change widget style 1</description>
					<width>1316</width>
					<height>60</height>
					<textoffsetx>30</textoffsetx>
					<font>font13</font>
					<label> - $LOCALIZE[31276]</label>
					<label2>$VAR[WidgetStyleLabelVar]</label2>
					<visible>!IsEmpty(Container(211).ListItem.Property(widgetPath))</visible>
					<visible>Skin.HasSetting(Enable.AdvancedWidgets)</visible>
					<texturenofocus border="1">separator5.png</texturenofocus>
				</control>
				<control type="button" id="524">
					<description>Change widget background 1</description>
					<width>1316</width>
					<height>60</height>
					<textoffsetx>30</textoffsetx>
					<font>font13</font>
					<label> - $LOCALIZE[33068]</label>
					<label2>$VAR[WidgetBackgroundLabelVar]</label2>
					<visible>!IsEmpty(Container(211).ListItem.Property(widgetPath)) + !Skin.HasSetting(Enable.GlobalWidgetBack)</visible>
					<texturenofocus border="1">separator5.png</texturenofocus>
				</control>
				<control type="button" id="515">
					<description>Change widget title 1</description>
					<width>1316</width>
					<height>60</height>
					<textoffsetx>30</textoffsetx>
					<font>font13</font>
					<label> - $LOCALIZE[21899]</label>
					<label2>$VAR[WidgetTitleLabelVar]</label2>
					<visible>!IsEmpty(Container(211).ListItem.Property(widgetPath)) + !StringCompare(Container(211).ListItem.Property(widget),weather) + !SubString(Container(211).ListItem.Property(widgetStyle),Classic)</visible>
					<visible>Skin.HasSetting(Enable.AdvancedWidgets)</visible>
					<texturenofocus border="1">separator5.png</texturenofocus>
				</control>
				<control type="button" id="520">
					<description>Change widget 1 sort by</description>
					<width>1316</width>
					<height>60</height>
					<textoffsetx>30</textoffsetx>
					<font>font13</font>
					<label> - $LOCALIZE[31277]</label>
					<label2>$VAR[WidgetSortbyLabelVar]</label2>
					<visible>!IsEmpty(Container(211).ListItem.Property(widgetPath)) + !StringCompare(Container(211).ListItem.Property(widget),weather)</visible>
					<visible>Skin.HasSetting(Enable.AdvancedWidgets)</visible>
					<texturenofocus border="1">separator5.png</texturenofocus>
				</control>
				<control type="button" id="521">
					<description>Change widget 1 sort order</description>
					<width>1316</width>
					<height>60</height>
					<textoffsetx>30</textoffsetx>
					<font>font13</font>
					<label> - $LOCALIZE[31278]</label>
					<label2>[CAPITALIZE]$VAR[WidgetSortLabelVar][/CAPITALIZE]</label2>
					<visible>!IsEmpty(Container(211).ListItem.Property(widgetPath)) + !StringCompare(Container(211).ListItem.Property(widget),weather)</visible>
					<visible>Skin.HasSetting(Enable.AdvancedWidgets)</visible>
					<texturenofocus border="1">separator5.png</texturenofocus>
				</control>
				<control type="button" id="512">
					<description>Change widget 2</description>
					<width>1316</width>
					<height>90</height>
					<textoffsetx>30</textoffsetx>
					<font>font15</font>
					<label>$ADDON[script.skinshortcuts 32044] 2</label>
					<label2>$INFO[Container(211).ListItem.Property(widgetName.2)]</label2>
					<onclick>SetProperty(widgetID,2)</onclick>
					<onclick>SendClick(312)</onclick>
					<onclick>SetProperty(customProperty,widgetArt.2)</onclick>
					<onclick>SendClick(404)</onclick>
					<visible>StringCompare(Window.Property(groupname),mainmenu)</visible>
					<visible>Skin.HasSetting(Enable.AdvancedWidgets)</visible>
					<texturenofocus border="1">separator5.png</texturenofocus>
				</control>
				<control type="button" id="513">
					<description>Change widget art 2</description>
					<width>1316</width>
					<height>60</height>
					<textoffsetx>30</textoffsetx>
					<font>font13</font>
					<label> - $LOCALIZE[31274]</label>
					<label2>$VAR[WidgetArt2LabelVar]</label2>
					<visible>StringCompare(Window.Property(groupname),mainmenu)</visible>
					<visible>!IsEmpty(Container(211).ListItem.Property(widgetPath.2))</visible>
					<visible>Skin.HasSetting(Enable.AdvancedWidgets)</visible>
					<texturenofocus border="1">separator5.png</texturenofocus>
				</control>
				<control type="button" id="518">
					<description>Change widget case 2</description>
					<width>1316</width>
					<height>60</height>
					<textoffsetx>30</textoffsetx>
					<font>font13</font>
					<label> - $LOCALIZE[31275]</label>
					<label2>$VAR[WidgetCase2LabelVar]</label2>
					<visible>!IsEmpty(Container(211).ListItem.Property(widgetPath.2))</visible>
					<visible>Skin.HasSetting(Enable.AdvancedWidgets)</visible>
					<texturenofocus border="1">separator5.png</texturenofocus>
				</control>
				<control type="button" id="514">
					<description>Change widget style 2</description>
					<width>1316</width>
					<height>60</height>
					<textoffsetx>30</textoffsetx>
					<font>font13</font>
					<label> - $LOCALIZE[31276]</label>
					<label2>$VAR[WidgetStyle2LabelVar]</label2>
					<visible>!IsEmpty(Container(211).ListItem.Property(widgetPath.2))</visible>
					<visible>Skin.HasSetting(Enable.AdvancedWidgets)</visible>
					<texturenofocus border="1">separator5.png</texturenofocus>
				</control>
				<control type="button" id="525">
					<description>Change widget background 2</description>
					<width>1316</width>
					<height>60</height>
					<textoffsetx>30</textoffsetx>
					<font>font13</font>
					<label> - $LOCALIZE[33068]</label>
					<label2>$VAR[WidgetBackground2LabelVar]</label2>
					<visible>!IsEmpty(Container(211).ListItem.Property(widgetPath.2)) + !Skin.HasSetting(Enable.GlobalWidgetBack)</visible>
					<texturenofocus border="1">separator5.png</texturenofocus>
				</control>
				<control type="button" id="516">
					<description>Change widget title 2</description>
					<width>1316</width>
					<height>60</height>
					<textoffsetx>30</textoffsetx>
					<font>font13</font>
					<label> - $LOCALIZE[21899]</label>
					<label2>$VAR[WidgetTitle2LabelVar]</label2>
					<visible>!IsEmpty(Container(211).ListItem.Property(widgetPath.2)) + !StringCompare(Container(211).ListItem.Property(widget.2),weather) + !SubString(Container(211).ListItem.Property(widgetStyle.2),Classic)</visible>
					<visible>Skin.HasSetting(Enable.AdvancedWidgets)</visible>
					<texturenofocus border="1">separator5.png</texturenofocus>
				</control>
				<control type="button" id="522">
					<description>Change widget 2 sort by</description>
					<width>1316</width>
					<height>60</height>
					<textoffsetx>30</textoffsetx>
					<font>font13</font>
					<label> - $LOCALIZE[31277]</label>
					<label2>$VAR[WidgetSortby2LabelVar]</label2>
					<visible>!IsEmpty(Container(211).ListItem.Property(widgetPath.2)) + !StringCompare(Container(211).ListItem.Property(widget.2),weather)</visible>
					<visible>Skin.HasSetting(Enable.AdvancedWidgets)</visible>
					<texturenofocus border="1">separator5.png</texturenofocus>
				</control>
				<control type="button" id="523">
					<description>Change widget 2 sort order</description>
					<width>1316</width>
					<height>60</height>
					<textoffsetx>30</textoffsetx>
					<font>font13</font>
					<label> - $LOCALIZE[31278]</label>
					<label2>[CAPITALIZE]$VAR[WidgetSort2LabelVar][/CAPITALIZE]</label2>
					<visible>!IsEmpty(Container(211).ListItem.Property(widgetPath.2)) + !StringCompare(Container(211).ListItem.Property(widget.2),weather)</visible>
					<visible>Skin.HasSetting(Enable.AdvancedWidgets)</visible>
					<texturenofocus border="1">separator5.png</texturenofocus>
				</control>
				<control type="radiobutton" id="519">
					<description>Show Live TV Widget</description>
					<width>1316</width>
					<height>90</height>
					<textoffsetx>30</textoffsetx>
					<font>font15</font>
					<label>$LOCALIZE[31273]</label>
					<onclick condition="!IsEmpty(Container(211).ListItem.Property(widgetLiveTV))">SetProperty(customProperty,widgetLiveTV)</onclick>
					<onclick condition="IsEmpty(Container(211).ListItem.Property(widgetLiveTV))">SetProperty(customProperty,widgetLiveTV)</onclick>
					<onclick condition="IsEmpty(Container(211).ListItem.Property(widgetLiveTV))">SetProperty(customValue,true)</onclick>
					<onclick>SendClick(404)</onclick>
					<selected>!IsEmpty(Container(211).ListItem.Property(widgetLiveTV))</selected>
					<visible>StringCompare(Window.Property(groupname),mainmenu)</visible>
					<texturenofocus border="1">separator5.png</texturenofocus>
				</control>
				<control type="button" id="303">
					<description>Move up</description>
					<width>1316</width>
					<height>90</height>
					<textoffsetx>30</textoffsetx>
					<font>font15</font>
					<texturenofocus border="1">separator5.png</texturenofocus>
				</control>
				<control type="button" id="304">
					<description>Move down</description>
					<width>1316</width>
					<height>90</height>
					<textoffsetx>30</textoffsetx>
					<font>font15</font>
					<texturenofocus border="1">separator5.png</texturenofocus>
				</control>
				<control type="button" id="301">
					<description>Add shortcut</description>
					<width>1316</width>
					<height>90</height>
					<textoffsetx>30</textoffsetx>
					<font>font15</font>
					<label>$ADDON[script.skinshortcuts 32000]</label>
					<texturenofocus border="1">separator5.png</texturenofocus>
				</control>
				<control type="button" id="302">
					<description>Delete shortcut</description>
					<width>1316</width>
					<height>90</height>
					<textoffsetx>30</textoffsetx>
					<font>font15</font>
					<texturenofocus border="1">separator5.png</texturenofocus>
				</control>
				<control type="button" id="308">
					<description>Restore shortcuts</description>
					<width>1316</width>
					<height>90</height>
					<textoffsetx>30</textoffsetx>
					<font>font15</font>
					<label>$ADDON[script.skinshortcuts 32028]</label>
					<texturenofocus border="1">separator5.png</texturenofocus>
				</control>
			</control>
		</control>
		<!-- 404, for setting custom property -->
		<control type="button" id="404">
			<visible>False</visible>
			<left>-100000</left>
			<top>-100000</top>
			<width>1</width>
			<height>1</height>
			<onclick>noop</onclick>
		</control>
	</controls>
</window>
